56;2018-08-10 14:56:05
80;2018-08-10 14:56:05
81;2018-08-10 14:56:05
82;2018-08-10 14:56:05
83;2018-08-10 14:56:05
85;2018-08-10 14:56:06
87;2018-08-10 14:56:06
88;2018-08-10 14:56:06
89;2018-08-10 14:56:06
91;2018-08-10 14:56:07
92;2018-08-10 14:56:07
93;2018-08-10 14:56:07
94;2018-08-10 14:56:07
95;2018-08-10 14:56:07
97;2018-08-10 14:56:08
98;2018-08-10 14:56:08
106;2018-08-10 14:56:08
107;2018-08-10 14:56:08
108;2018-08-10 14:56:08
112;2018-08-10 14:56:09
113;2018-08-10 14:56:09
114;2018-08-10 14:56:09
1;2018-08-10 14:56:09
2;2018-08-10 14:56:09
3;2018-08-10 14:56:10
5;2018-08-10 14:56:10
6;2018-08-10 14:56:10
7;2018-08-10 14:56:10
129;2018-08-10 14:56:10
9;2018-08-10 14:56:10
10;2018-08-10 14:56:11
11;2018-08-10 14:56:11
13;2018-08-10 14:56:11
14;2018-08-10 14:56:12
15;2018-08-10 14:56:12
16;2018-08-10 14:56:12
17;2018-08-10 14:56:12
18;2018-08-10 14:56:12
19;2018-08-10 14:56:12
20;2018-08-10 14:56:13
130;2018-08-10 14:56:14
22;2018-08-10 14:56:15
24;2018-08-10 14:56:15
23;2018-08-10 14:56:15
25;2018-08-10 14:56:15
26;2018-08-10 14:56:15
115;2018-08-10 14:56:16
116;2018-08-10 14:56:16
27;2018-08-10 14:56:16
128;2018-08-10 14:56:16
30;2018-08-10 14:56:17
31;2018-08-10 14:56:17
32;2018-08-10 14:56:17
33;2018-08-10 14:56:17
34;2018-08-10 14:56:17
35;2018-08-10 14:56:18
36;2018-08-10 14:56:18
37;2018-08-10 14:56:18
39;2018-08-10 14:56:18
117;2018-08-10 14:56:18
118;2018-08-10 14:56:19
40;2018-08-10 14:56:19
119;2018-08-10 14:56:19
120;2018-08-10 14:56:19
42;2018-08-10 14:56:20
43;2018-08-10 14:56:20
44;2018-08-10 14:56:20
45;2018-08-10 14:56:20
46;2018-08-10 14:56:20
47;2018-08-10 14:56:21
48;2018-08-10 14:56:21
99;2018-08-13 09:59:54
96;2018-08-29 10:46:28
131;2018-08-29 15:44:50
