-- Insert rows based on the export of export20180122.sql file

-- Typeof PF
INSERT INTO typeof_pf(id_typeof_pf, name_typeof_pf)
VALUES (1,'Textile'), (2,'Autre');

-- Profiles
INSERT INTO profile(id_profile, name_profile, date_deletion_profile) VALUES (NULL, 'Fournisseur', NULL), (NULL, 'Magasin', NULL), (NULL, 'Service Informatique', NULL), (NULL, 'Service Textile', NULL);

-- Departments
INSERT INTO department (id_department, name_department) VALUES
(1, 'AIN'),
(2, 'AISNE'),
(3, 'ALLIER'),
(5, 'HAUTES-ALPES'),
(4, 'ALPES-DE-HAUTE-PROVENCE'),
(6, 'ALPES-MARITIMES'),
(7, 'ARDÈCHE'),
(8, 'ARDENNES'),
(9, 'ARIÈGE'),
(10, 'AUBE'),
(11, 'AUDE'),
(12, 'AVEYRON'),
(13, 'BOUCHES-DU-RHÔNE'),
(14, 'CALVADOS'),
(15, 'CANTAL'),
(16, 'CHARENTE'),
(17, 'CHARENTE-MARITIME'),
(18, 'CHER'),
(19, 'CORRÈZE'),
(20, 'CORSE'),
(21, 'CÔTE-D\'OR'),
(22, 'CÔTES-D\'ARMOR'),
(23, 'CREUSE'),
(24, 'DORDOGNE'),
(25, 'DOUBS'),
(26, 'DRÔME'),
(27, 'EURE'),
(28, 'EURE-ET-LOIR'),
(29, 'FINISTÈRE'),
(30, 'GARD'),
(31, 'HAUTE-GARONNE'),
(32, 'GERS'),
(33, 'GIRONDE'),
(34, 'HÉRAULT'),
(35, 'ILE-ET-VILAINE'),
(36, 'INDRE'),
(37, 'INDRE-ET-LOIRE'),
(38, 'ISÈRE'),
(39, 'JURA'),
(40, 'LANDES'),
(41, 'LOIR-ET-CHER'),
(42, 'LOIRE'),
(43, 'HAUTE-LOIRE'),
(44, 'LOIRE-ATLANTIQUE'),
(45, 'LOIRET'),
(46, 'LOT'),
(47, 'LOT-ET-GARONNE'),
(48, 'LOZÈRE'),
(49, 'MAINE-ET-LOIRE'),
(50, 'MANCHE'),
(51, 'MARNE'),
(52, 'HAUTE-MARNE'),
(53, 'MAYENNE'),
(54, 'MEURTHE-ET-MOSELLE'),
(55, 'MEUSE'),
(56, 'MORBIHAN'),
(57, 'MOSELLE'),
(58, 'NIÈVRE'),
(59, 'NORD'),
(60, 'OISE'),
(61, 'ORNE'),
(62, 'PAS-DE-CALAIS'),
(63, 'PUY-DE-DÔME'),
(64, 'PYRÉNÉES-ATLANTIQUES'),
(65, 'HAUTES-PYRÉNÉES'),
(66, 'PYRÉNÉES-ORIENTALES'),
(67, 'BAS-RHIN'),
(68, 'HAUT-RHIN'),
(69, 'RHÔNE'),
(70, 'HAUTE-SAÔNE'),
(71, 'SAÔNE-ET-LOIRE'),
(72, 'SARTHE'),
(73, 'SAVOIE'),
(74, 'HAUTE-SAVOIE'),
(75, 'PARIS'),
(76, 'SEINE-MARITIME'),
(77, 'SEINE-ET-MARNE'),
(78, 'YVELINES'),
(79, 'DEUX-SÈVRES'),
(80, 'SOMME'),
(81, 'TARN'),
(82, 'TARN-ET-GARONNE'),
(83, 'VAR'),
(84, 'VAUCLUSE'),
(85, 'VENDÉE'),
(86, 'VIENNE'),
(87, 'HAUTE-VIENNE'),
(88, 'VOSGES'),
(89, 'YONNE'),
(90, 'TERRITOIRE DE BELFORT'),
(91, 'ESSONNE'),
(92, 'HAUTS-DE-SEINE'),
(93, 'SEINE-SAINT-DENIS'),
(94, 'VAL-DE-MARNE'),
(95, 'VAL-D\'OISE'),
(99, 'NC'),
(971, 'GUADELOUPE'),
(973, 'GUYANE'),
(972, 'MARTINIQUE'),
(974, 'RÉUNION'),
(976, 'MAYOTTE');

-- Enterprises
INSERT INTO `enterprise` (`id_enterprise`, `name_enterprise`, `PROFILE_id_profile`, `DEPARTMENT_id_department`, `date_deletion_enterprise`) VALUES
(1, 'ANCENIS', 2, 44, NULL),
(2, 'ANTHALDIS', 2, 44, NULL),
(3, 'ANTHIGO', 2, 35, NULL),
(4, 'ATLANTIS', 2, 44, NULL),
(5, 'AZEDIS', 2, 53, NULL),
(6, 'BLAINDIS', 2, 44, NULL),
(7, 'BOCAGE', 2, 14, NULL),
(8, 'BREVIDIS', 2, 44, NULL),
(9, 'BRIANDIS', 2, 44, NULL),
(10, 'BRIERE', 2, 44, NULL),
(11, 'BRISSAC', 2, 49, NULL),
(12, 'CDA49', 2, 49, NULL),
(13, 'CHANTONNAY', 2, 85, NULL),
(14, 'CHEMILLE', 2, 49, NULL),
(15, 'CLISSON', 2, 44, NULL),
(16, 'DACAR', 2, 35, NULL),
(17, 'DINANDIS', 2, 22, NULL),
(18, 'DYNALEC', 2, 49, NULL),
(19, 'ELAUDIS', 2, 56, NULL),
(20, 'FOUGERES', 2, 35, NULL),
(21, 'GOURONNIERES', 2, 49, NULL),
(22, 'GUERANDIS', 2, 44, NULL),
(23, 'JOSSELIN', 2, 56, NULL),
(24, 'HERBIDIS', 2, 85, NULL),
(25, 'KERMELEUC', 2, 35, NULL),
(26, 'LAURY-CHALONGES', 2, 44, NULL),
(27, 'NANTES-NORD', 2, 44, NULL),
(28, 'OUDAIRIDIS', 2, 85, NULL),
(29, 'PARIDIS', 2, 44, NULL),
(30, 'PAYS-DE-REDON', 2, 44, NULL),
(31, 'PSV', 2, 85, NULL),
(32, 'SABLE', 2, 72, NULL),
(33, 'SAUMUR', 2, 49, NULL),
(34, 'SEGRE', 2, 49, NULL),
(35, 'SODIJOUR', 2, 44, NULL),
(36, 'SODILONNE', 2, 85, NULL),
(37, 'SODINOVE', 2, 85, NULL),
(38, 'SODIPOR', 2, 44, NULL),
(39, 'SODIRENNES', 2, 35, NULL),
(40, 'SODIRETZ', 2, 44, NULL),
(41, 'SODIROCHE', 2, 85, NULL),
(42, 'SODIVARDIERE', 2, 85, NULL),
(43, 'SOLACDIS', 2, 56, NULL),
(44, 'ST-GILLES', 2, 85, NULL),
(45, 'ST-MALO', 2, 35, NULL),
(46, 'SUD-LOIRE', 2, 44, NULL),
(47, 'THOUARS', 2, 79, NULL),
(48, 'VADIS', 2, 56, NULL),
(49, '__ADMINISTRATEUR__', 3, 44, NULL),
(50, 'SCA OUEST', 4, 44, NULL),
(51, 'ABACA', 1, 99, NULL),
(52, 'ACTUELLE', 1, 99, NULL),
(53, 'BLISSED', 1, 99, NULL),
(54, 'COLINE KEAWA', 1, 99, NULL),
(55, 'FRANCE DENIM RMS 26', 1, 99, NULL),
(56, 'KIDILIZ ABSORBA - ALPHABET', 1, 99, NULL),
(57, 'ID''EST CDH', 1, 99, NULL),
(58, 'LC DISTRIBUTION', 1, 99, NULL),
(59, 'MAILLE DISTRIBUTION', 1, 99, NULL),
(60, 'MYTHEX', 1, 99, NULL),
(61, 'NORPROTEX', 1, 99, NULL),
(62, 'PICCO BELLO', 1, 99, NULL),
(63, 'RITCHIE', 1, 99, NULL),
(64, 'SALMON', 1, 99, NULL),
(65, 'STOOKER', 1, 99, NULL),
(66, 'TERRE DE MARINS', 1, 99, NULL),
(67, 'TREEKERS', 1, 99, NULL),
(68, 'UNIVERTEX', 1, 99, NULL),
(69, 'BESNARD', 1, 99, NULL),
(70, 'C.C.I.', 1, 99, NULL),
(71, 'COMFORT GROUP', 1, 99, NULL),
(72, 'DEFONSECA', 1, 99, NULL),
(73, 'DISTRIBEST', 1, 99, NULL),
(74, 'DRESCO', 1, 99, NULL),
(75, 'JP CHAUSSURES', 1, 99, NULL),
(76, 'ROYER', 1, 99, NULL),
(77, 'MADO MARCEL', 1, 99, NULL),
(78, 'SOCIETE ESPAGNOLE', 1, 99, NULL),
(79, 'ESPAGNOLS  - ROMAIN DE NARDO -', 1, 99, NULL);

-- Purchasing Fairs
INSERT INTO `purchasing_fair` (`id_purchasing_fair`, `name_purchasing_fair`, `hex_color`, `start_datetime`, `end_datetime`, `lunch_break`, `TYPEOF_PF_id_typeof_pf`, `date_deletion_purchasing_fair`) VALUES
(1, 'test', '#0b70b5', '2019-08-01 00:00:00', '2020-08-04 00:00:00', '20:00:00', 1, NULL),
(2, 'AH 18 SAISONNIER CHAUSSURE', '#e98a13', '2018-02-05 08:00:00', '2018-02-16 19:00:00', '12:00:00', 1, NULL);

-- Participants
INSERT INTO `participant` (`id_participant`, `civility_participant`, `surname_participant`, `name_participant`, `email_participant`, `date_deletion_participant`) VALUES
(1, 'Monsieur', 'PAJOT', 'Fabrice', 'fabrice.pajot@gmail.com', NULL),
(2, 'Monsieur', 'ancenis', 'test', 'test@ancenis.fr', NULL),
(3, 'Madame', 'METAYER', 'MARYLINE', 'maryline.metayer@wanadoo.fr', NULL),
(7, 'Monsieur', 'JACQUOT ', 'David ', 'djacquot@wanadoo.fr', NULL),
(8, 'Monsieur', 'THINES', 'ROMUALD', 'romuald.rms26@gmail.com', NULL),
(9, 'Monsieur', 'ROQUET', 'Bruno', 'broquet@kidilizgroup.com', NULL),
(10, 'Monsieur', 'THESSON', 'Arnaud', 'athesson@kidilizgroup.com', NULL),
(11, 'Monsieur', 'HUBERT', 'Olivier', 'moihubert@wanadoo.fr', NULL),
(12, 'Monsieur', 'VIER', 'Laurent', 'laurentvier@orange.fr', NULL),
(13, 'Madame', 'RENARD', 'Isabelle', 'cmoi.renard@wanadoo.fr', NULL),
(14, 'Monsieur', 'GUERON', 'JEAN JACQUES', 'jjgueron@gmail.com', NULL),
(15, 'Monsieur', 'FEREZ', 'Louis-Michel', 'ferdis85@gmail.com', NULL),
(16, 'Monsieur', 'TIGER', 'Yves', 'yves.tiger@yahoo.fr', NULL),
(21, 'Monsieur', 'ZITOUN', 'PATRICK', 'pzitoun@norprotex.com', NULL),
(22, 'Monsieur', 'HAUG', 'Olivier', 'ohaug@norprotex.com', NULL),
(24, 'Monsieur', 'REVEAU', 'Philippe', 'reveau.philippe@orange.fr', NULL),
(25, 'Monsieur', 'MAURILLE', 'Jean-René', 'jeanrene.maurille@gsa.fr', NULL),
(26, 'Monsieur', 'DOUILLARD', 'Maxime', 'maxime.douillard@gsa.fr', NULL),
(27, 'Monsieur', 'ROBILLARD', 'Michel', 'michel.robillard@gsa.fr', NULL),
(28, 'Madame', 'POIRIER', 'Armelle', 'armelle.poirier@gsa.fr', NULL),
(29, 'Monsieur', 'BRICARD', 'Mickaël', 'mickael.bricard@wanadoo.fr', NULL),
(30, 'Madame', 'LE MOIGNE', 'Sophie', 'sophie-le-moigne@stookerbrands.fr', NULL),
(31, 'Madame', 'GUILLAMET', 'Céline', 'c.guillamet@terredemarins.com', NULL),
(32, 'Monsieur', 'GAULTIER', 'Karine', 'k.gaultier@terredemarins.com', NULL),
(33, 'Madame', 'BOTTA', 'Valérie', 'v.botta@terredemarins.com', NULL),
(34, 'Monsieur', 'BONJOUX', 'Anthony', 'a.bonjoux@terredemarins.com', NULL),
(35, 'Madame', 'MAUVIEL', 'Sabrina', 's.mauviel@terredemarins.com', NULL),
(36, 'Madame', 'BOUTROIS', 'Jennifer', 'j.boutrois@terredemarins.com', NULL),
(37, 'Madame', 'LATRUFFE', 'Caroline', 'c.latruffe@terredemarins.com', NULL),
(38, 'Monsieur', 'GASNIER', 'Thomas', 't.gasnier@terredemarins.com', NULL),
(41, 'Monsieur', 'CORNUE', 'JOHN', 'jcornue@besnard.fr', NULL),
(42, 'Monsieur', 'DUBOIS', 'Eric', 'edubois@besnard.fr', NULL),
(43, 'Monsieur', 'GATE', 'Jérémy', 'j.gate@ccishoes.com', NULL),
(44, 'Monsieur', 'JOLIVET', 'Patrice', 'p.jolivet@ccishoes.com', NULL),
(45, 'Monsieur', 'GERARD', 'Steven', 's.gerard@ccishoes.com', NULL),
(47, 'Madame', 'BOLLET HERAULT', 'Emmanuelle', 'e.bolletherault@luo-distribution.com', NULL),
(48, 'Monsieur', 'DUPE', 'Laurent', 'ldupe@distrib-est.fr', NULL),
(49, 'Monsieur', 'DE NARDO', 'Romain', 'romain@dresco.fr', NULL),
(50, 'Monsieur', 'MOREAU', 'Nicolas', 'n.moreau@jpchaussure.com', NULL),
(51, 'Monsieur', 'BARBIER', 'Jacky', 'jacky.barbier@grouperoyer.com', NULL),
(52, 'Monsieur', 'LECOEUR', 'Pascal', 'pascal.lecoeur@grouperoyer.com', NULL),
(53, 'Monsieur', 'MERCKENS', 'Philippe', 'philipe.merckens@gmail.com', NULL),
(54, 'Madame', 'JACQUOT', 'Sandrine', 'dsjacquot@wanadoo.fr', NULL),
(55, 'Monsieur', 'MARRETTA', 'Pierre', 'pmarretta@gmail.com', NULL),
(56, 'Madame', 'DUVIVIER', 'Marie-Laure', 'aduvivier@mado-group.com', NULL),
(57, 'Monsieur', 'BRETAUDEAU', 'Bernard', 'bernard.bretaudeau@gmail.com', NULL),
(59, 'Monsieur', 'FAYD''HERBE', 'Charles ', 'faydherbecharles@gmail.com', NULL);

-- Participation
INSERT INTO `participation` (`PARTICIPANT_id_participant`, `PURCHASING_FAIR_id_purchasing_fair`, `password_participant`, `lunch`) VALUES
(1, 2, '123456', 0),
(2, 1, '123456', 0),
(2, 2, '123456', 0),
(3, 2, '123456', 0),
(7, 2, '123456', 0),
(8, 2, '123456', 0),
(9, 2, '123456', 0),
(10, 2, '123456', 0),
(11, 2, '123456', 0),
(12, 2, '123456', 0),
(13, 2, '123456', 0),
(14, 2, '123456', 0),
(15, 2, '123456', 0),
(16, 2, '123456', 0),
(21, 2, '123456', 0),
(22, 2, '123456', 0),
(24, 2, '123456', 0),
(25, 2, '123456', 0),
(26, 2, '123456', 0),
(27, 2, '123456', 0),
(28, 2, '123456', 0),
(29, 2, '123456', 0),
(30, 2, '123456', 0),
(31, 2, '123456', 0),
(32, 2, '123456', 0),
(33, 2, '123456', 0),
(34, 2, '123456', 0),
(35, 2, '123456', 0),
(36, 2, '123456', 0),
(37, 2, '123456', 0),
(38, 2, '123456', 0),
(41, 2, '123456', 0),
(42, 2, '123456', 0),
(43, 2, '123456', 0),
(44, 2, '123456', 0),
(45, 2, '123456', 0),
(47, 2, '123456', 0),
(48, 2, '123456', 0),
(49, 2, '123456', 0),
(50, 2, '123456', 0),
(51, 2, '123456', 0),
(52, 2, '123456', 0),
(53, 2, '123456', 0),
(54, 2, '123456', 0),
(55, 2, '123456', 0),
(56, 2, '123456', 0),
(57, 2, '123456', 0),
(59, 2, '123456', 0);

-- APD
INSERT INTO `assignment_participant_department` (`PARTICIPANT_id_participant`, `DEPARTMENT_id_department`) VALUES
(1, 99),
(2, 44),
(3, 99),
(7, 99),
(8, 99),
(9, 99),
(10, 99),
(11, 99),
(12, 99),
(13, 99),
(14, 99),
(15, 99),
(16, 99),
(21, 99),
(22, 99),
(24, 99),
(25, 99),
(26, 99),
(27, 99),
(28, 99),
(29, 99),
(30, 99),
(31, 99),
(32, 99),
(33, 99),
(34, 99),
(35, 99),
(36, 99),
(37, 99),
(38, 99),
(41, 99),
(42, 99),
(43, 99),
(44, 99),
(45, 99),
(47, 99),
(48, 99),
(49, 99),
(50, 99),
(51, 99),
(52, 99),
(53, 99),
(54, 99),
(55, 99),
(56, 99),
(57, 99),
(59, 99);

-- APE
INSERT INTO `assignment_participant_enterprise` (`PARTICIPANT_id_participant`, `ENTERPRISE_id_enterprise`) VALUES
(1, 51),
(1, 52),
(1, 53),
(2, 1),
(3, 51),
(3, 52),
(7, 54),
(7, 60),
(8, 55),
(9, 56),
(10, 56),
(11, 57),
(12, 57),
(13, 57),
(14, 58),
(15, 59),
(15, 62),
(15, 68),
(16, 60),
(16, 67),
(21, 61),
(22, 61),
(24, 63),
(25, 64),
(26, 64),
(27, 64),
(28, 64),
(29, 65),
(30, 65),
(31, 66),
(32, 66),
(33, 66),
(34, 66),
(35, 66),
(36, 66),
(37, 66),
(38, 66),
(41, 69),
(42, 69),
(43, 70),
(43, 71),
(44, 70),
(44, 71),
(45, 70),
(45, 71),
(47, 72),
(48, 73),
(49, 74),
(49, 79),
(50, 75),
(51, 76),
(52, 76),
(53, 51),
(53, 52),
(54, 54),
(55, 58),
(56, 77),
(57, 77),
(59, 78);

-- ASS
INSERT INTO `assignment_sp_store` (`PARTICIPANT_id_participant`, `ENTERPRISE_STORE_id_enterprise`, `ENTERPRISE_PROVIDER_id_enterprise`, `PURCHASING_FAIR_id_purchasing_fair`) VALUES
(8, 1, 55, 2),
(8, 2, 55, 2),
(8, 3, 55, 2),
(8, 4, 55, 2),
(8, 5, 55, 2),
(8, 6, 55, 2),
(8, 7, 55, 2),
(8, 8, 55, 2),
(8, 9, 55, 2),
(8, 10, 55, 2),
(8, 11, 55, 2),
(8, 12, 55, 2),
(8, 13, 55, 2),
(8, 14, 55, 2),
(8, 15, 55, 2),
(8, 16, 55, 2),
(8, 17, 55, 2),
(8, 18, 55, 2),
(8, 19, 55, 2),
(8, 20, 55, 2),
(8, 21, 55, 2),
(8, 22, 55, 2),
(8, 23, 55, 2),
(8, 24, 55, 2),
(8, 25, 55, 2),
(8, 26, 55, 2),
(8, 27, 55, 2),
(8, 28, 55, 2),
(8, 29, 55, 2),
(8, 30, 55, 2),
(8, 31, 55, 2),
(8, 32, 55, 2),
(8, 33, 55, 2),
(8, 34, 55, 2),
(8, 35, 55, 2),
(8, 36, 55, 2),
(8, 37, 55, 2),
(8, 38, 55, 2),
(8, 39, 55, 2),
(8, 40, 55, 2),
(8, 41, 55, 2),
(8, 42, 55, 2),
(8, 43, 55, 2),
(8, 44, 55, 2),
(8, 45, 55, 2),
(8, 46, 55, 2),
(8, 47, 55, 2),
(8, 48, 55, 2),
(9, 1, 56, 2),
(9, 4, 56, 2),
(9, 7, 56, 2),
(9, 11, 56, 2),
(9, 12, 56, 2),
(9, 13, 56, 2),
(9, 14, 56, 2),
(9, 15, 56, 2),
(9, 18, 56, 2),
(9, 21, 56, 2),
(9, 24, 56, 2),
(9, 26, 56, 2),
(9, 27, 56, 2),
(9, 28, 56, 2),
(9, 29, 56, 2),
(9, 31, 56, 2),
(9, 33, 56, 2),
(9, 34, 56, 2),
(9, 36, 56, 2),
(9, 37, 56, 2),
(9, 40, 56, 2),
(9, 41, 56, 2),
(9, 42, 56, 2),
(9, 44, 56, 2),
(9, 46, 56, 2),
(9, 47, 56, 2),
(10, 2, 56, 2),
(10, 30, 56, 2),
(10, 32, 56, 2),
(10, 48, 56, 2),
(11, 3, 57, 2),
(11, 7, 57, 2),
(11, 12, 57, 2),
(11, 14, 57, 2),
(11, 16, 57, 2),
(11, 17, 57, 2),
(11, 18, 57, 2),
(11, 19, 57, 2),
(11, 20, 57, 2),
(11, 21, 57, 2),
(11, 23, 57, 2),
(11, 25, 57, 2),
(11, 32, 57, 2),
(11, 33, 57, 2),
(11, 34, 57, 2),
(11, 43, 57, 2),
(11, 45, 57, 2),
(11, 47, 57, 2),
(11, 48, 57, 2),
(12, 2, 57, 2),
(12, 4, 57, 2),
(12, 6, 57, 2),
(12, 8, 57, 2),
(12, 9, 57, 2),
(12, 10, 57, 2),
(12, 11, 57, 2),
(12, 13, 57, 2),
(12, 15, 57, 2),
(12, 24, 57, 2),
(12, 26, 57, 2),
(12, 27, 57, 2),
(12, 28, 57, 2),
(12, 29, 57, 2),
(12, 31, 57, 2),
(12, 37, 57, 2),
(12, 38, 57, 2),
(12, 39, 57, 2),
(12, 40, 57, 2),
(12, 41, 57, 2),
(12, 42, 57, 2),
(12, 44, 57, 2),
(12, 46, 57, 2),
(13, 1, 57, 2),
(13, 5, 57, 2),
(13, 22, 57, 2),
(13, 30, 57, 2),
(13, 35, 57, 2),
(14, 1, 58, 2),
(14, 2, 58, 2),
(14, 3, 58, 2),
(14, 4, 58, 2),
(14, 5, 58, 2),
(14, 6, 58, 2),
(14, 7, 58, 2),
(14, 8, 58, 2),
(14, 9, 58, 2),
(14, 10, 58, 2),
(14, 11, 58, 2),
(14, 12, 58, 2),
(14, 14, 58, 2),
(14, 15, 58, 2),
(14, 16, 58, 2),
(14, 17, 58, 2),
(14, 18, 58, 2),
(14, 19, 58, 2),
(14, 20, 58, 2),
(14, 21, 58, 2),
(14, 22, 58, 2),
(14, 23, 58, 2),
(14, 25, 58, 2),
(14, 26, 58, 2),
(14, 27, 58, 2),
(14, 29, 58, 2),
(14, 30, 58, 2),
(14, 32, 58, 2),
(14, 33, 58, 2),
(14, 34, 58, 2),
(14, 35, 58, 2),
(14, 36, 58, 2),
(14, 38, 58, 2),
(14, 39, 58, 2),
(14, 40, 58, 2),
(14, 43, 58, 2),
(14, 45, 58, 2),
(14, 46, 58, 2),
(14, 47, 58, 2),
(14, 48, 58, 2),
(24, 1, 63, 2),
(24, 2, 63, 2),
(24, 3, 63, 2),
(24, 4, 63, 2),
(24, 5, 63, 2),
(24, 6, 63, 2),
(24, 7, 63, 2),
(24, 8, 63, 2),
(24, 9, 63, 2),
(24, 10, 63, 2),
(24, 11, 63, 2),
(24, 12, 63, 2),
(24, 13, 63, 2),
(24, 14, 63, 2),
(24, 15, 63, 2),
(24, 16, 63, 2),
(24, 17, 63, 2),
(24, 18, 63, 2),
(24, 19, 63, 2),
(24, 20, 63, 2),
(24, 21, 63, 2),
(24, 22, 63, 2),
(24, 23, 63, 2),
(24, 24, 63, 2),
(24, 25, 63, 2),
(24, 26, 63, 2),
(24, 27, 63, 2),
(24, 28, 63, 2),
(24, 29, 63, 2),
(24, 30, 63, 2),
(24, 31, 63, 2),
(24, 33, 63, 2),
(24, 34, 63, 2),
(24, 35, 63, 2),
(24, 36, 63, 2),
(24, 37, 63, 2),
(24, 38, 63, 2),
(24, 39, 63, 2),
(24, 40, 63, 2),
(24, 41, 63, 2),
(24, 42, 63, 2),
(24, 43, 63, 2),
(24, 44, 63, 2),
(24, 45, 63, 2),
(24, 46, 63, 2),
(24, 47, 63, 2),
(24, 48, 63, 2),
(25, 4, 64, 2),
(25, 5, 64, 2),
(25, 8, 64, 2),
(25, 10, 64, 2),
(25, 15, 64, 2),
(25, 26, 64, 2),
(25, 27, 64, 2),
(25, 29, 64, 2),
(25, 30, 64, 2),
(25, 35, 64, 2),
(25, 38, 64, 2),
(25, 46, 64, 2),
(26, 3, 64, 2),
(26, 16, 64, 2),
(26, 17, 64, 2),
(26, 19, 64, 2),
(26, 20, 64, 2),
(26, 23, 64, 2),
(26, 25, 64, 2),
(26, 39, 64, 2),
(26, 43, 64, 2),
(26, 45, 64, 2),
(26, 48, 64, 2),
(27, 7, 64, 2),
(27, 13, 64, 2),
(27, 28, 64, 2),
(27, 31, 64, 2),
(27, 36, 64, 2),
(27, 41, 64, 2),
(27, 42, 64, 2),
(27, 44, 64, 2),
(27, 47, 64, 2),
(28, 1, 64, 2),
(28, 2, 64, 2),
(28, 6, 64, 2),
(28, 9, 64, 2),
(28, 11, 64, 2),
(28, 12, 64, 2),
(28, 14, 64, 2),
(28, 18, 64, 2),
(28, 21, 64, 2),
(28, 22, 64, 2),
(28, 24, 64, 2),
(28, 32, 64, 2),
(28, 33, 64, 2),
(28, 34, 64, 2),
(28, 37, 64, 2),
(28, 40, 64, 2),
(29, 1, 65, 2),
(29, 2, 65, 2),
(29, 4, 65, 2),
(29, 5, 65, 2),
(29, 6, 65, 2),
(29, 7, 65, 2),
(29, 8, 65, 2),
(29, 9, 65, 2),
(29, 10, 65, 2),
(29, 11, 65, 2),
(29, 12, 65, 2),
(29, 13, 65, 2),
(29, 14, 65, 2),
(29, 16, 65, 2),
(29, 19, 65, 2),
(29, 20, 65, 2),
(29, 21, 65, 2),
(29, 23, 65, 2),
(29, 24, 65, 2),
(29, 25, 65, 2),
(29, 26, 65, 2),
(29, 27, 65, 2),
(29, 28, 65, 2),
(29, 29, 65, 2),
(29, 30, 65, 2),
(29, 31, 65, 2),
(29, 32, 65, 2),
(29, 33, 65, 2),
(29, 34, 65, 2),
(29, 35, 65, 2),
(29, 37, 65, 2),
(29, 38, 65, 2),
(29, 39, 65, 2),
(29, 41, 65, 2),
(29, 43, 65, 2),
(29, 44, 65, 2),
(30, 3, 65, 2),
(30, 15, 65, 2),
(30, 17, 65, 2),
(30, 18, 65, 2),
(30, 22, 65, 2),
(30, 36, 65, 2),
(30, 40, 65, 2),
(30, 42, 65, 2),
(30, 45, 65, 2),
(31, 1, 66, 2),
(31, 2, 66, 2),
(31, 4, 66, 2),
(31, 6, 66, 2),
(31, 8, 66, 2),
(31, 9, 66, 2),
(31, 10, 66, 2),
(31, 11, 66, 2),
(31, 12, 66, 2),
(31, 13, 66, 2),
(31, 14, 66, 2),
(31, 15, 66, 2),
(31, 18, 66, 2),
(31, 21, 66, 2),
(31, 22, 66, 2),
(31, 24, 66, 2),
(31, 26, 66, 2),
(31, 27, 66, 2),
(31, 28, 66, 2),
(31, 29, 66, 2),
(31, 30, 66, 2),
(31, 31, 66, 2),
(31, 33, 66, 2),
(31, 34, 66, 2),
(31, 35, 66, 2),
(31, 36, 66, 2),
(31, 37, 66, 2),
(31, 38, 66, 2),
(31, 40, 66, 2),
(31, 41, 66, 2),
(31, 42, 66, 2),
(31, 44, 66, 2),
(31, 46, 66, 2),
(32, 1, 66, 2),
(32, 2, 66, 2),
(32, 4, 66, 2),
(32, 6, 66, 2),
(32, 8, 66, 2),
(32, 9, 66, 2),
(32, 10, 66, 2),
(32, 11, 66, 2),
(32, 12, 66, 2),
(32, 13, 66, 2),
(32, 14, 66, 2),
(32, 15, 66, 2),
(32, 18, 66, 2),
(32, 21, 66, 2),
(32, 22, 66, 2),
(32, 24, 66, 2),
(32, 26, 66, 2),
(32, 27, 66, 2),
(32, 28, 66, 2),
(32, 29, 66, 2),
(32, 30, 66, 2),
(32, 31, 66, 2),
(32, 33, 66, 2),
(32, 34, 66, 2),
(32, 35, 66, 2),
(32, 36, 66, 2),
(32, 37, 66, 2),
(32, 38, 66, 2),
(32, 40, 66, 2),
(32, 41, 66, 2),
(32, 42, 66, 2),
(32, 44, 66, 2),
(32, 46, 66, 2),
(33, 7, 66, 2),
(33, 47, 66, 2),
(34, 7, 66, 2),
(34, 47, 66, 2),
(35, 3, 66, 2),
(35, 5, 66, 2),
(35, 16, 66, 2),
(35, 20, 66, 2),
(35, 32, 66, 2),
(35, 39, 66, 2),
(35, 45, 66, 2),
(36, 3, 66, 2),
(36, 5, 66, 2),
(36, 16, 66, 2),
(36, 20, 66, 2),
(36, 32, 66, 2),
(36, 39, 66, 2),
(36, 45, 66, 2),
(37, 17, 66, 2),
(37, 19, 66, 2),
(37, 23, 66, 2),
(37, 25, 66, 2),
(37, 43, 66, 2),
(37, 48, 66, 2),
(38, 17, 66, 2),
(38, 19, 66, 2),
(38, 23, 66, 2),
(38, 25, 66, 2),
(38, 43, 66, 2),
(38, 48, 66, 2),
(41, 5, 69, 2),
(41, 7, 69, 2),
(41, 11, 69, 2),
(41, 12, 69, 2),
(41, 13, 69, 2),
(41, 14, 69, 2),
(41, 18, 69, 2),
(41, 21, 69, 2),
(41, 24, 69, 2),
(41, 28, 69, 2),
(41, 31, 69, 2),
(41, 32, 69, 2),
(41, 33, 69, 2),
(41, 34, 69, 2),
(41, 36, 69, 2),
(41, 37, 69, 2),
(41, 41, 69, 2),
(41, 42, 69, 2),
(41, 44, 69, 2),
(41, 47, 69, 2),
(42, 1, 69, 2),
(42, 2, 69, 2),
(42, 3, 69, 2),
(42, 4, 69, 2),
(42, 6, 69, 2),
(42, 8, 69, 2),
(42, 9, 69, 2),
(42, 10, 69, 2),
(42, 15, 69, 2),
(42, 16, 69, 2),
(42, 17, 69, 2),
(42, 19, 69, 2),
(42, 20, 69, 2),
(42, 22, 69, 2),
(42, 23, 69, 2),
(42, 25, 69, 2),
(42, 26, 69, 2),
(42, 27, 69, 2),
(42, 29, 69, 2),
(42, 30, 69, 2),
(42, 35, 69, 2),
(42, 38, 69, 2),
(42, 39, 69, 2),
(42, 40, 69, 2),
(42, 43, 69, 2),
(42, 45, 69, 2),
(42, 46, 69, 2),
(42, 48, 69, 2),
(48, 1, 73, 2),
(48, 2, 73, 2),
(48, 3, 73, 2),
(48, 4, 73, 2),
(48, 5, 73, 2),
(48, 6, 73, 2),
(48, 7, 73, 2),
(48, 8, 73, 2),
(48, 9, 73, 2),
(48, 10, 73, 2),
(48, 11, 73, 2),
(48, 12, 73, 2),
(48, 13, 73, 2),
(48, 14, 73, 2),
(48, 15, 73, 2),
(48, 16, 73, 2),
(48, 17, 73, 2),
(48, 18, 73, 2),
(48, 19, 73, 2),
(48, 20, 73, 2),
(48, 21, 73, 2),
(48, 22, 73, 2),
(48, 23, 73, 2),
(48, 24, 73, 2),
(48, 25, 73, 2),
(48, 26, 73, 2),
(48, 27, 73, 2),
(48, 28, 73, 2),
(48, 29, 73, 2),
(48, 30, 73, 2),
(48, 31, 73, 2),
(48, 32, 73, 2),
(48, 33, 73, 2),
(48, 34, 73, 2),
(48, 35, 73, 2),
(48, 36, 73, 2),
(48, 37, 73, 2),
(48, 38, 73, 2),
(48, 39, 73, 2),
(48, 40, 73, 2),
(48, 41, 73, 2),
(48, 42, 73, 2),
(48, 43, 73, 2),
(48, 44, 73, 2),
(48, 45, 73, 2),
(48, 46, 73, 2),
(48, 47, 73, 2),
(48, 48, 73, 2),
(50, 1, 75, 2),
(50, 2, 75, 2),
(50, 3, 75, 2),
(50, 4, 75, 2),
(50, 5, 75, 2),
(50, 6, 75, 2),
(50, 7, 75, 2),
(50, 8, 75, 2),
(50, 9, 75, 2),
(50, 10, 75, 2),
(50, 11, 75, 2),
(50, 12, 75, 2),
(50, 13, 75, 2),
(50, 14, 75, 2),
(50, 15, 75, 2),
(50, 16, 75, 2),
(50, 17, 75, 2),
(50, 18, 75, 2),
(50, 19, 75, 2),
(50, 20, 75, 2),
(50, 21, 75, 2),
(50, 22, 75, 2),
(50, 23, 75, 2),
(50, 24, 75, 2),
(50, 25, 75, 2),
(50, 26, 75, 2),
(50, 27, 75, 2),
(50, 28, 75, 2),
(50, 29, 75, 2),
(50, 30, 75, 2),
(50, 31, 75, 2),
(50, 32, 75, 2),
(50, 33, 75, 2),
(50, 34, 75, 2),
(50, 35, 75, 2),
(50, 36, 75, 2),
(50, 37, 75, 2),
(50, 38, 75, 2),
(50, 39, 75, 2),
(50, 40, 75, 2),
(50, 41, 75, 2),
(50, 42, 75, 2),
(50, 43, 75, 2),
(50, 44, 75, 2),
(50, 45, 75, 2),
(50, 46, 75, 2),
(50, 47, 75, 2),
(50, 48, 75, 2),
(51, 1, 76, 2),
(51, 2, 76, 2),
(51, 3, 76, 2),
(51, 4, 76, 2),
(51, 6, 76, 2),
(51, 7, 76, 2),
(51, 8, 76, 2),
(51, 10, 76, 2),
(51, 11, 76, 2),
(51, 12, 76, 2),
(51, 13, 76, 2),
(51, 14, 76, 2),
(51, 15, 76, 2),
(51, 16, 76, 2),
(51, 17, 76, 2),
(51, 18, 76, 2),
(51, 19, 76, 2),
(51, 21, 76, 2),
(51, 22, 76, 2),
(51, 23, 76, 2),
(51, 25, 76, 2),
(51, 26, 76, 2),
(51, 27, 76, 2),
(51, 28, 76, 2),
(51, 29, 76, 2),
(51, 31, 76, 2),
(51, 33, 76, 2),
(51, 34, 76, 2),
(51, 35, 76, 2),
(51, 36, 76, 2),
(51, 37, 76, 2),
(51, 38, 76, 2),
(51, 39, 76, 2),
(51, 40, 76, 2),
(51, 41, 76, 2),
(51, 42, 76, 2),
(51, 43, 76, 2),
(51, 44, 76, 2),
(51, 45, 76, 2),
(51, 46, 76, 2),
(51, 47, 76, 2),
(51, 48, 76, 2),
(52, 5, 76, 2),
(52, 9, 76, 2),
(52, 20, 76, 2),
(52, 24, 76, 2),
(52, 30, 76, 2),
(52, 32, 76, 2),
(54, 5, 54, 2),
(54, 32, 54, 2),
(55, 13, 58, 2),
(55, 24, 58, 2),
(55, 28, 58, 2),
(55, 31, 58, 2),
(55, 37, 58, 2),
(55, 41, 58, 2),
(55, 42, 58, 2),
(55, 44, 58, 2),
(56, 16, 77, 2),
(56, 17, 77, 2),
(56, 19, 77, 2),
(56, 20, 77, 2),
(56, 23, 77, 2),
(56, 32, 77, 2),
(56, 39, 77, 2),
(56, 43, 77, 2),
(56, 48, 77, 2),
(57, 1, 77, 2),
(57, 2, 77, 2),
(57, 3, 77, 2),
(57, 4, 77, 2),
(57, 5, 77, 2),
(57, 6, 77, 2),
(57, 7, 77, 2),
(57, 8, 77, 2),
(57, 9, 77, 2),
(57, 10, 77, 2),
(57, 11, 77, 2),
(57, 12, 77, 2),
(57, 13, 77, 2),
(57, 14, 77, 2),
(57, 15, 77, 2),
(57, 18, 77, 2),
(57, 21, 77, 2),
(57, 22, 77, 2),
(57, 24, 77, 2),
(57, 25, 77, 2),
(57, 26, 77, 2),
(57, 27, 77, 2),
(57, 28, 77, 2),
(57, 29, 77, 2),
(57, 30, 77, 2),
(57, 31, 77, 2),
(57, 33, 77, 2),
(57, 34, 77, 2),
(57, 35, 77, 2),
(57, 36, 77, 2),
(57, 37, 77, 2),
(57, 38, 77, 2),
(57, 40, 77, 2),
(57, 41, 77, 2),
(57, 42, 77, 2),
(57, 44, 77, 2),
(57, 45, 77, 2),
(57, 46, 77, 2),
(57, 47, 77, 2),
(59, 1, 78, 2),
(59, 2, 78, 2),
(59, 3, 78, 2),
(59, 4, 78, 2),
(59, 5, 78, 2),
(59, 6, 78, 2),
(59, 7, 78, 2),
(59, 8, 78, 2),
(59, 9, 78, 2),
(59, 10, 78, 2),
(59, 11, 78, 2),
(59, 12, 78, 2),
(59, 13, 78, 2),
(59, 14, 78, 2),
(59, 15, 78, 2),
(59, 16, 78, 2),
(59, 17, 78, 2),
(59, 18, 78, 2),
(59, 19, 78, 2),
(59, 20, 78, 2),
(59, 21, 78, 2),
(59, 22, 78, 2),
(59, 23, 78, 2),
(59, 24, 78, 2),
(59, 25, 78, 2),
(59, 26, 78, 2),
(59, 27, 78, 2),
(59, 28, 78, 2),
(59, 29, 78, 2),
(59, 30, 78, 2),
(59, 31, 78, 2),
(59, 32, 78, 2),
(59, 33, 78, 2),
(59, 34, 78, 2),
(59, 35, 78, 2),
(59, 36, 78, 2),
(59, 37, 78, 2),
(59, 38, 78, 2),
(59, 39, 78, 2),
(59, 40, 78, 2),
(59, 41, 78, 2),
(59, 42, 78, 2),
(59, 43, 78, 2),
(59, 44, 78, 2),
(59, 45, 78, 2),
(59, 46, 78, 2),
(59, 47, 78, 2),
(59, 48, 78, 2);

-- Requirement
INSERT INTO `requirement` (`id_requirement`, `ENTERPRISE_STORE_id_enterprise`, `ENTERPRISE_PROVIDER_id_enterprise`, `PURCHASING_FAIR_id_purchasing_fair`, `number_of_hours`) VALUES
(1, 1, 51, 1, 5),
(5, 1, 53, 1, 1),
(6, 1, 51, 2, 5);

-- Unavalability SP
INSERT INTO `unavailability_sp` (`id_unavailability_sp`, `start_datetime`, `end_datetime`, `PARTICIPANT_id_participant`, `PURCHASING_FAIR_id_purchasing_fair`, `date_deletion_unavailability_sp`) VALUES
(1, '2018-02-05 08:00:00', '2018-02-05 19:00:00', 41, 2, NULL),
(3, '2018-02-06 08:00:00', '2018-02-06 00:00:00', 41, 2, NULL),
(4, '2018-02-07 08:00:00', '2018-02-07 19:00:00', 41, 2, NULL),
(5, '2018-02-08 08:00:00', '2018-02-08 19:00:00', 41, 2, NULL),
(6, '2018-02-09 08:00:00', '2018-02-09 19:00:00', 41, 2, NULL),
(7, '2018-02-12 08:00:00', '2018-02-12 19:00:00', 42, 2, NULL),
(8, '2018-02-13 08:00:00', '2018-02-13 19:00:00', 42, 2, NULL),
(9, '2018-02-14 08:00:00', '2018-02-14 19:00:00', 42, 2, NULL),
(10, '2018-02-15 08:00:00', '2018-02-15 19:00:00', 42, 2, NULL),
(11, '2018-02-16 08:00:00', '2018-02-16 19:00:00', 42, 2, NULL),
(12, '2018-02-08 08:00:00', '2018-02-08 19:00:00', 50, 2, NULL),
(13, '2018-02-09 08:00:00', '2018-02-09 19:00:00', 50, 2, NULL),
(14, '2018-02-05 08:00:00', '2018-02-05 19:00:00', 3, 2, NULL),
(15, '2018-02-08 08:00:00', '2018-02-08 19:00:00', 3, 2, NULL),
(16, '2018-02-05 08:00:00', '2018-02-05 19:00:00', 57, 2, NULL),
(17, '2018-02-06 08:00:00', '2018-02-06 19:00:00', 57, 2, NULL),
(18, '2018-02-07 08:00:00', '2018-02-07 19:00:00', 57, 2, NULL),
(19, '2018-02-08 08:00:00', '2018-02-08 19:00:00', 57, 2, NULL),
(20, '2018-02-05 08:00:00', '2018-02-05 19:00:00', 37, 2, NULL),
(21, '2018-02-08 08:00:00', '2018-02-08 19:00:00', 37, 2, NULL),
(22, '2018-02-09 08:00:00', '2018-02-09 19:00:00', 37, 2, NULL),
(23, '2018-02-09 08:00:00', '2018-02-09 19:00:00', 3, 2, NULL),
(24, '2018-02-05 08:00:00', '2018-02-05 19:00:00', 25, 2, NULL),
(25, '2018-02-06 08:00:00', '2018-02-06 19:00:00', 25, 2, NULL),
(26, '2018-02-07 08:00:00', '2018-02-07 19:00:00', 25, 2, NULL),
(27, '2018-02-08 08:00:00', '2018-02-08 19:00:00', 25, 2, NULL),
(28, '2018-02-09 08:00:00', '2018-02-09 19:00:00', 25, 2, NULL),
(29, '2018-02-05 08:00:00', '2018-02-05 19:00:00', 13, 2, NULL),
(30, '2018-02-09 08:00:00', '2018-02-09 19:00:00', 13, 2, NULL),
(32, '2019-08-09 00:00:00', '2019-08-09 00:00:00', 1, 1, NULL);

-- Supprime des participations erronnées
DELETE FROM participation where participation.PARTICIPANT_id_participant IN (
    select PARTICIPANT_id_participant
from assignment_participant_enterprise as aspe
inner join participant ON participant.id_participant = aspe.PARTICIPANT_id_participant
inner join enterprise on enterprise.id_enterprise = aspe.ENTERPRISE_id_enterprise
WHERE aspe.ENTERPRISE_id_enterprise > 50
group by 1
HAVING COUNT(*) > 1 );




