-- mysqldump-php https://github.com/ifsnop/mysqldump-php
--
-- Host: localhost	Database: pf_management
-- ------------------------------------------------------
-- Server version 	5.5.57-0ubuntu0.14.04.1
-- Date: Wed, 19 Sep 2018 09:10:29 +0200

/*!40101 SET @OLD_CHARACTER_SET_CLIENT=@@CHARACTER_SET_CLIENT */;
/*!40101 SET @OLD_CHARACTER_SET_RESULTS=@@CHARACTER_SET_RESULTS */;
/*!40101 SET @OLD_COLLATION_CONNECTION=@@COLLATION_CONNECTION */;
/*!40101 SET NAMES utf8 */;
/*!40103 SET @OLD_TIME_ZONE=@@TIME_ZONE */;
/*!40103 SET TIME_ZONE='+00:00' */;
/*!40014 SET @OLD_UNIQUE_CHECKS=@@UNIQUE_CHECKS, UNIQUE_CHECKS=0 */;
/*!40014 SET @OLD_FOREIGN_KEY_CHECKS=@@FOREIGN_KEY_CHECKS, FOREIGN_KEY_CHECKS=0 */;
/*!40101 SET @OLD_SQL_MODE=@@SQL_MODE, SQL_MODE='NO_AUTO_VALUE_ON_ZERO' */;
/*!40111 SET @OLD_SQL_NOTES=@@SQL_NOTES, SQL_NOTES=0 */;

--
-- Table structure for table `agent`
--

/*!40101 SET @saved_cs_client     = @@character_set_client */;
/*!40101 SET character_set_client = utf8 */;
CREATE TABLE `agent` (
  `id_agent` int(11) unsigned NOT NULL AUTO_INCREMENT COMMENT 'PK',
  `civility_agent` varchar(8) NOT NULL COMMENT 'Civilité',
  `surname_agent` varchar(50) NOT NULL COMMENT 'Nom de famille',
  `name_agent` varchar(50) NOT NULL COMMENT 'Prénom',
  `address_line_1_agent` varchar(100) NOT NULL COMMENT 'Ligne Adresse 1',
  `address_line_2_agent` varchar(100) NOT NULL COMMENT 'Ligne Adresse 2',
  `providers_agent` text NOT NULL COMMENT 'Fournisseurs associés',
  `date_deletion_agent` datetime DEFAULT NULL COMMENT 'AAAA-MM-JJ HH:MM:SS',
  PRIMARY KEY (`id_agent`),
  UNIQUE KEY `ux_agent` (`civility_agent`,`surname_agent`,`name_agent`,`address_line_1_agent`,`address_line_2_agent`)
) ENGINE=InnoDB AUTO_INCREMENT=6 DEFAULT CHARSET=utf8;
/*!40101 SET character_set_client = @saved_cs_client */;

--
-- Dumping data for table `agent`
--

LOCK TABLES `agent` WRITE;
/*!40000 ALTER TABLE `agent` DISABLE KEYS */;
SET autocommit=0;
INSERT INTO `agent` VALUES (1,'Monsieur','GUERON','Jean-Jacques','22 RUE DU COTEAU','44880 SAUTRON','123',NULL),(2,'Monsieur','FERREZ','Louis-Michel','40 RUE DES RUISSEAUX','49300 CHOLET','59|62|68',NULL),(3,'Monsieur','IQUEL','Beg Menez','3 ROUTE DE LA PLAGE','29940 LA FORÊT-FOUESNANT','125',NULL),(4,'Monsieur','FAYD\'HERBE','.','46 RUE DU PLUMAIL','79460 MAGNE','127',NULL),(5,'Monsieur','CCI','.','2-4 RUE BERNARD PALISSY - ZA CHASSEREAU','85604 SAINT-GEORGES DE MONTAIGU CEDEX','71',NULL);
/*!40000 ALTER TABLE `agent` ENABLE KEYS */;
UNLOCK TABLES;
COMMIT;

--
-- Table structure for table `assignment_participant_department`
--

/*!40101 SET @saved_cs_client     = @@character_set_client */;
/*!40101 SET character_set_client = utf8 */;
CREATE TABLE `assignment_participant_department` (
  `PARTICIPANT_id_participant` int(11) unsigned NOT NULL COMMENT 'PK participant',
  `DEPARTMENT_id_department` int(11) unsigned NOT NULL COMMENT 'PK department',
  PRIMARY KEY (`PARTICIPANT_id_participant`,`DEPARTMENT_id_department`),
  KEY `ix_assignment_participant_department_A` (`PARTICIPANT_id_participant`),
  KEY `ix_assignment_participant_department_B` (`DEPARTMENT_id_department`),
  CONSTRAINT `fk_assignment_participant_department_A` FOREIGN KEY (`PARTICIPANT_id_participant`) REFERENCES `participant` (`id_participant`),
  CONSTRAINT `fk_assignment_participant_department_B` FOREIGN KEY (`DEPARTMENT_id_department`) REFERENCES `department` (`id_department`)
) ENGINE=InnoDB DEFAULT CHARSET=utf8;
/*!40101 SET character_set_client = @saved_cs_client */;

--
-- Dumping data for table `assignment_participant_department`
--

LOCK TABLES `assignment_participant_department` WRITE;
/*!40000 ALTER TABLE `assignment_participant_department` DISABLE KEYS */;
SET autocommit=0;
INSERT INTO `assignment_participant_department` VALUES (1,99),(2,44),(3,99),(7,99),(8,99),(9,99),(10,99),(11,99),(12,99),(13,99),(14,99),(15,99),(16,99),(21,99),(22,99),(24,99),(25,99),(26,99),(27,99),(28,99),(29,99),(30,99),(31,99),(32,99),(33,99),(34,99),(35,99),(36,99),(37,99),(38,99),(41,99),(42,99),(43,99),(44,99),(45,99),(47,99),(48,99),(49,99),(50,99),(51,99),(52,99),(53,99),(54,99),(55,99),(56,99),(57,99),(59,99),(60,99),(61,99),(62,99),(63,99),(64,99),(65,99),(66,99),(67,99),(68,99),(69,99),(70,99),(71,99),(77,99),(79,99),(80,99),(81,99),(82,99),(83,99),(85,99),(88,99),(89,99),(90,99),(91,99),(92,99),(93,99),(94,99),(95,99),(96,99),(97,99),(99,99),(100,99),(101,99),(102,99),(103,99),(104,99),(105,99),(106,99),(107,99),(108,99),(109,99),(110,99),(111,99),(112,99),(113,99),(114,99),(115,99),(116,99),(117,99),(118,99),(119,99),(121,99),(122,99),(123,99),(124,99),(125,99),(126,99),(127,99),(128,99),(129,99),(130,44),(131,99),(132,99),(133,99),(134,99),(135,44),(136,44),(137,44),(138,35),(139,35),(140,22),(145,22),(146,85),(147,85),(148,85),(153,44),(157,44),(158,44),(163,44),(164,44),(165,44),(166,44),(167,35),(168,49),(169,49),(170,35),(171,35),(172,35),(173,85),(174,85),(175,85),(176,44),(177,44),(178,44),(179,44),(180,85),(181,85),(182,14),(183,14),(184,85),(185,85),(189,44),(190,44),(191,44),(192,44),(193,44),(194,44),(195,44),(196,44),(197,44),(198,44),(199,44),(200,44),(201,44),(202,44),(205,49),(206,49),(207,49),(208,49),(209,44),(210,35),(211,35),(212,49),(213,35),(214,35),(215,35),(216,49),(217,49),(218,35),(219,35),(220,79),(221,56),(222,56),(223,99),(229,85),(230,85),(231,85),(232,56),(233,44),(234,44),(235,53),(236,53),(237,53),(238,56),(239,56),(240,56),(241,56),(242,49),(243,49),(244,49),(245,49),(246,49),(247,49),(248,49),(249,44),(250,44),(251,99),(252,44),(253,44),(254,44),(255,44),(256,72),(257,49),(258,35),(260,44),(261,44),(262,49),(263,49),(265,22),(266,44),(267,35),(268,49),(269,85),(270,85),(271,85),(272,85),(273,44),(274,44),(275,44),(276,44),(277,44),(278,44),(279,44),(280,44),(281,44),(282,49),(283,56),(284,49),(285,99),(286,99),(287,99),(288,99),(289,99),(290,99),(291,99),(292,99),(293,99),(294,99),(295,99),(296,99),(297,99),(298,44),(300,85),(301,85),(302,49),(303,44),(304,44),(305,49),(306,85),(307,85),(311,44),(313,49),(314,44),(315,99),(317,85),(318,85),(319,99),(320,99),(321,99),(322,99),(323,99),(324,99),(325,99),(326,99),(327,99),(328,99),(329,99),(330,99),(331,85);
/*!40000 ALTER TABLE `assignment_participant_department` ENABLE KEYS */;
UNLOCK TABLES;
COMMIT;

--
-- Table structure for table `assignment_participant_enterprise`
--

/*!40101 SET @saved_cs_client     = @@character_set_client */;
/*!40101 SET character_set_client = utf8 */;
CREATE TABLE `assignment_participant_enterprise` (
  `PARTICIPANT_id_participant` int(11) unsigned NOT NULL COMMENT 'PK participant',
  `ENTERPRISE_id_enterprise` int(11) unsigned NOT NULL COMMENT 'PK enterprise',
  PRIMARY KEY (`PARTICIPANT_id_participant`,`ENTERPRISE_id_enterprise`),
  KEY `ix_assignment_participant_enterprise_A` (`PARTICIPANT_id_participant`),
  KEY `ix_assignment_participant_enterprise_B` (`ENTERPRISE_id_enterprise`),
  CONSTRAINT `fk_assignment_participant_enterprise_A` FOREIGN KEY (`PARTICIPANT_id_participant`) REFERENCES `participant` (`id_participant`),
  CONSTRAINT `fk_assignment_participant_enterprise_B` FOREIGN KEY (`ENTERPRISE_id_enterprise`) REFERENCES `enterprise` (`id_enterprise`)
) ENGINE=InnoDB DEFAULT CHARSET=utf8;
/*!40101 SET character_set_client = @saved_cs_client */;

--
-- Dumping data for table `assignment_participant_enterprise`
--

LOCK TABLES `assignment_participant_enterprise` WRITE;
/*!40000 ALTER TABLE `assignment_participant_enterprise` DISABLE KEYS */;
SET autocommit=0;
INSERT INTO `assignment_participant_enterprise` VALUES (1,51),(1,52),(1,53),(2,1),(3,52),(7,54),(7,60),(8,55),(9,56),(10,56),(11,57),(12,57),(13,57),(14,58),(14,90),(14,123),(15,59),(15,62),(15,68),(16,60),(16,67),(21,61),(22,61),(24,63),(25,64),(26,64),(27,64),(28,64),(29,65),(30,65),(31,66),(32,66),(33,66),(34,66),(35,66),(36,66),(37,66),(38,66),(41,69),(42,69),(43,70),(43,71),(44,70),(44,71),(45,70),(45,71),(47,72),(48,73),(49,74),(49,79),(50,75),(51,76),(52,76),(53,51),(53,52),(53,124),(54,54),(55,58),(56,77),(57,77),(59,78),(59,127),(60,80),(60,109),(60,110),(60,111),(61,80),(61,109),(61,110),(61,111),(62,80),(62,109),(62,110),(62,111),(63,109),(63,110),(63,111),(64,80),(64,109),(64,110),(64,111),(65,81),(66,81),(67,81),(68,82),(68,106),(68,107),(68,108),(69,82),(69,106),(69,107),(69,108),(70,108),(71,82),(71,106),(71,107),(71,108),(72,82),(72,106),(72,107),(72,108),(77,82),(77,106),(77,107),(77,108),(79,82),(79,106),(79,107),(79,108),(80,82),(80,106),(80,107),(80,108),(81,82),(81,106),(81,107),(81,108),(82,82),(82,106),(82,107),(82,108),(83,82),(83,106),(83,107),(83,108),(85,83),(88,85),(89,95),(90,95),(91,87),(92,87),(93,88),(94,89),(95,52),(96,89),(97,90),(99,91),(100,92),(101,91),(102,91),(103,92),(104,92),(105,92),(106,93),(106,112),(106,113),(106,114),(107,93),(107,112),(107,113),(107,114),(108,93),(108,112),(108,113),(108,114),(109,93),(109,112),(109,113),(109,114),(110,93),(110,112),(110,113),(110,114),(111,93),(111,112),(111,113),(111,114),(112,93),(112,112),(112,113),(112,114),(113,93),(113,112),(113,113),(113,114),(114,93),(114,112),(114,113),(114,114),(115,93),(115,112),(115,113),(115,114),(116,94),(117,94),(118,94),(119,94),(121,97),(122,98),(123,98),(124,99),(125,99),(126,99),(127,99),(128,99),(129,96),(130,4),(131,104),(132,97),(133,97),(134,97),(135,4),(136,2),(137,2),(138,16),(139,16),(140,17),(145,17),(146,31),(147,31),(148,36),(153,30),(157,30),(158,22),(163,22),(164,22),(165,22),(166,6),(167,25),(168,34),(169,34),(170,39),(171,117),(172,117),(173,24),(174,24),(175,13),(176,119),(177,40),(178,120),(179,35),(180,44),(181,44),(182,7),(183,7),(184,42),(185,42),(189,1),(190,1),(191,1),(192,1),(193,26),(194,15),(195,15),(196,115),(197,27),(198,27),(199,27),(200,27),(201,38),(202,8),(205,18),(206,18),(207,33),(208,33),(209,46),(210,3),(211,3),(212,21),(213,20),(214,20),(215,20),(216,11),(217,11),(218,45),(219,45),(220,47),(221,48),(222,48),(223,83),(229,41),(230,28),(231,37),(232,23),(233,10),(234,10),(235,5),(236,5),(237,5),(238,43),(239,43),(240,19),(241,19),(242,12),(243,21),(244,12),(245,12),(246,14),(247,14),(248,14),(249,9),(250,9),(252,22),(253,22),(254,116),(255,116),(256,32),(257,11),(258,45),(260,46),(261,15),(262,34),(263,34),(265,17),(266,9),(267,16),(268,21),(269,36),(270,37),(271,37),(272,37),(273,1),(274,1),(275,1),(276,27),(277,27),(278,8),(279,8),(280,8),(281,8),(282,18),(283,48),(284,14),(285,51),(286,52),(287,52),(288,53),(288,121),(289,53),(290,54),(290,126),(291,61),(292,67),(293,77),(294,121),(295,122),(296,122),(297,125),(298,22),(300,24),(301,37),(302,14),(303,129),(304,129),(305,12),(306,36),(307,36),(311,1),(313,21),(314,35),(315,99),(317,128),(318,128),(319,80),(320,80),(321,89),(322,91),(323,93),(323,112),(323,113),(323,114),(324,93),(324,112),(324,113),(324,114),(325,94),(326,95),(327,97),(328,99),(329,99),(330,131),(331,13);
/*!40000 ALTER TABLE `assignment_participant_enterprise` ENABLE KEYS */;
UNLOCK TABLES;
COMMIT;

--
-- Table structure for table `assignment_sp_store`
--

/*!40101 SET @saved_cs_client     = @@character_set_client */;
/*!40101 SET character_set_client = utf8 */;
CREATE TABLE `assignment_sp_store` (
  `PARTICIPANT_id_participant` int(11) unsigned NOT NULL COMMENT 'PK salesperson',
  `ENTERPRISE_STORE_id_enterprise` int(11) unsigned NOT NULL COMMENT 'PK store',
  `ENTERPRISE_PROVIDER_id_enterprise` int(11) unsigned NOT NULL COMMENT 'PK provider',
  `PURCHASING_FAIR_id_purchasing_fair` int(11) unsigned NOT NULL COMMENT 'PK purchasing_fair',
  PRIMARY KEY (`PARTICIPANT_id_participant`,`ENTERPRISE_STORE_id_enterprise`,`ENTERPRISE_PROVIDER_id_enterprise`,`PURCHASING_FAIR_id_purchasing_fair`),
  KEY `ix_assign_sp_store_participant` (`PARTICIPANT_id_participant`),
  KEY `ix_ass_enterprise_store` (`ENTERPRISE_STORE_id_enterprise`),
  KEY `ix_ass_enterprise_provider` (`ENTERPRISE_PROVIDER_id_enterprise`),
  KEY `ix_assign_sp_store_pf` (`PURCHASING_FAIR_id_purchasing_fair`),
  CONSTRAINT `fk_assignment_sp_store_participant` FOREIGN KEY (`PARTICIPANT_id_participant`) REFERENCES `participant` (`id_participant`),
  CONSTRAINT `fk_ass_enterprise_store` FOREIGN KEY (`ENTERPRISE_STORE_id_enterprise`) REFERENCES `enterprise` (`id_enterprise`),
  CONSTRAINT `fk_ass_enterprise_provider` FOREIGN KEY (`ENTERPRISE_PROVIDER_id_enterprise`) REFERENCES `enterprise` (`id_enterprise`),
  CONSTRAINT `fk_assignment_sp_store_pf` FOREIGN KEY (`PURCHASING_FAIR_id_purchasing_fair`) REFERENCES `purchasing_fair` (`id_purchasing_fair`)
) ENGINE=InnoDB DEFAULT CHARSET=utf8;
/*!40101 SET character_set_client = @saved_cs_client */;

--
-- Dumping data for table `assignment_sp_store`
--

LOCK TABLES `assignment_sp_store` WRITE;
/*!40000 ALTER TABLE `assignment_sp_store` DISABLE KEYS */;
SET autocommit=0;
INSERT INTO `assignment_sp_store` VALUES (1,1,51,4),(1,1,52,4),(1,2,52,4),(1,2,53,4),(1,3,53,4),(1,4,52,4),(1,4,53,4),(1,6,51,4),(1,6,52,4),(1,6,53,4),(1,7,52,4),(1,8,51,4),(1,8,52,4),(1,8,53,4),(1,9,51,4),(1,9,52,4),(1,10,52,4),(1,10,53,4),(1,11,52,4),(1,11,53,4),(1,13,51,4),(1,13,52,4),(1,13,53,4),(1,14,51,4),(1,14,53,4),(1,15,51,4),(1,15,52,4),(1,15,53,4),(1,16,53,4),(1,21,51,4),(1,21,53,4),(1,22,51,4),(1,22,52,4),(1,22,53,4),(1,24,52,4),(1,24,53,4),(1,26,52,4),(1,27,51,4),(1,27,52,4),(1,27,53,4),(1,28,52,4),(1,28,53,4),(1,29,52,4),(1,29,53,4),(1,30,52,4),(1,31,52,4),(1,31,53,4),(1,33,51,4),(1,33,53,4),(1,34,51,4),(1,34,53,4),(1,35,51,4),(1,35,52,4),(1,35,53,4),(1,36,51,4),(1,36,52,4),(1,36,53,4),(1,37,51,4),(1,37,52,4),(1,37,53,4),(1,38,51,4),(1,38,52,4),(1,38,53,4),(1,40,52,4),(1,40,53,4),(1,41,52,4),(1,41,53,4),(1,42,52,4),(1,42,53,4),(1,44,52,4),(1,44,53,4),(1,46,51,4),(1,46,52,4),(1,46,53,4),(1,47,51,4),(1,47,52,4),(1,47,53,4),(1,115,51,4),(1,115,52,4),(1,116,52,4),(1,119,51,4),(1,119,52,4),(1,119,53,4),(1,120,52,4),(1,120,53,4),(7,5,60,4),(7,11,60,4),(7,12,60,4),(7,16,60,4),(7,17,60,4),(7,19,60,4),(7,20,60,4),(7,21,60,4),(7,23,60,4),(7,24,60,4),(7,32,60,4),(7,34,60,4),(7,39,60,4),(7,43,60,4),(7,45,60,4),(7,48,60,4),(7,117,60,4),(7,118,60,4),(8,1,55,2),(8,1,55,4),(8,2,55,2),(8,2,55,4),(8,3,55,2),(8,3,55,4),(8,4,55,2),(8,4,55,4),(8,5,55,2),(8,5,55,4),(8,6,55,2),(8,6,55,4),(8,7,55,2),(8,7,55,4),(8,8,55,2),(8,8,55,4),(8,9,55,2),(8,9,55,4),(8,10,55,2),(8,10,55,4),(8,11,55,2),(8,11,55,4),(8,12,55,2),(8,12,55,4),(8,13,55,2),(8,13,55,4),(8,14,55,2),(8,14,55,4),(8,15,55,2),(8,15,55,4),(8,16,55,2),(8,16,55,4),(8,17,55,2),(8,17,55,4),(8,18,55,2),(8,18,55,4),(8,19,55,2),(8,19,55,4),(8,20,55,2),(8,20,55,4),(8,21,55,2),(8,21,55,4),(8,22,55,2),(8,22,55,4),(8,23,55,2),(8,23,55,4),(8,24,55,2),(8,24,55,4),(8,25,55,2),(8,25,55,4),(8,26,55,2),(8,26,55,4),(8,27,55,2),(8,27,55,4),(8,28,55,2),(8,28,55,4),(8,29,55,2),(8,29,55,4),(8,30,55,2),(8,30,55,4),(8,31,55,2),(8,31,55,4),(8,32,55,2),(8,32,55,4),(8,33,55,2),(8,33,55,4),(8,34,55,2),(8,34,55,4),(8,35,55,2),(8,35,55,4),(8,36,55,2),(8,36,55,4),(8,37,55,2),(8,37,55,4),(8,38,55,2),(8,38,55,4),(8,39,55,2),(8,39,55,4),(8,40,55,2),(8,40,55,4),(8,41,55,2),(8,41,55,4),(8,42,55,2),(8,42,55,4),(8,43,55,2),(8,43,55,4),(8,44,55,2),(8,44,55,4),(8,45,55,2),(8,45,55,4),(8,46,55,2),(8,46,55,4),(8,47,55,2),(8,47,55,4),(8,48,55,2),(8,48,55,4),(8,115,55,4),(8,116,55,4),(8,117,55,4),(8,118,55,4),(8,119,55,4),(8,120,55,4),(9,1,56,2),(9,1,56,3),(9,1,56,4),(9,1,56,5),(9,4,56,2),(9,4,56,4),(9,4,56,5),(9,7,56,2),(9,7,56,3),(9,7,56,4),(9,7,56,5),(9,11,56,2),(9,11,56,3),(9,11,56,4),(9,11,56,5),(9,12,56,2),(9,12,56,3),(9,12,56,4),(9,13,56,2),(9,13,56,3),(9,13,56,4),(9,13,56,5),(9,14,56,2),(9,14,56,3),(9,14,56,4),(9,14,56,5),(9,15,56,2),(9,15,56,3),(9,15,56,4),(9,15,56,5),(9,18,56,2),(9,18,56,3),(9,18,56,4),(9,18,56,5),(9,21,56,2),(9,21,56,3),(9,21,56,4),(9,24,56,2),(9,24,56,3),(9,24,56,4),(9,24,56,5),(9,26,56,2),(9,26,56,3),(9,26,56,4),(9,26,56,5),(9,27,56,2),(9,27,56,3),(9,27,56,4),(9,27,56,5),(9,28,56,2),(9,28,56,3),(9,28,56,4),(9,29,56,2),(9,29,56,4),(9,29,56,5),(9,31,56,2),(9,31,56,3),(9,31,56,5),(9,33,56,2),(9,33,56,3),(9,33,56,4),(9,33,56,5),(9,34,56,2),(9,34,56,3),(9,34,56,4),(9,34,56,5),(9,36,56,2),(9,36,56,3),(9,36,56,4),(9,36,56,5),(9,37,56,2),(9,37,56,3),(9,37,56,4),(9,37,56,5),(9,40,56,2),(9,40,56,3),(9,40,56,4),(9,41,56,2),(9,41,56,3),(9,41,56,4),(9,42,56,2),(9,42,56,3),(9,42,56,4),(9,42,56,5),(9,44,56,2),(9,44,56,3),(9,44,56,4),(9,44,56,5),(9,46,56,2),(9,46,56,3),(9,46,56,4),(9,46,56,5),(9,47,56,2),(9,47,56,3),(9,47,56,4),(9,47,56,5),(9,115,56,4),(9,115,56,5),(9,116,56,4),(9,119,56,4),(9,119,56,5),(9,120,56,4),(9,120,56,5),(9,128,56,5),(10,2,56,2),(10,2,56,3),(10,2,56,4),(10,2,56,5),(10,3,56,3),(10,3,56,4),(10,3,56,5),(10,5,56,3),(10,5,56,5),(10,6,56,3),(10,8,56,3),(10,8,56,4),(10,9,56,3),(10,10,56,3),(10,11,56,5),(10,16,56,3),(10,17,56,3),(10,17,56,4),(10,17,56,5),(10,19,56,3),(10,19,56,4),(10,20,56,3),(10,20,56,4),(10,20,56,5),(10,22,56,3),(10,22,56,4),(10,22,56,5),(10,23,56,3),(10,23,56,4),(10,23,56,5),(10,25,56,3),(10,25,56,4),(10,25,56,5),(10,30,56,2),(10,30,56,3),(10,30,56,4),(10,30,56,5),(10,32,56,2),(10,32,56,3),(10,32,56,4),(10,35,56,3),(10,35,56,4),(10,35,56,5),(10,38,56,3),(10,38,56,4),(10,39,56,3),(10,39,56,4),(10,43,56,3),(10,43,56,4),(10,45,56,3),(10,45,56,4),(10,45,56,5),(10,48,56,2),(10,48,56,3),(10,48,56,4),(10,48,56,5),(10,117,56,4),(10,117,56,5),(10,118,56,4),(10,118,56,5),(10,129,56,5),(11,3,57,2),(11,3,57,4),(11,7,57,2),(11,7,57,4),(11,12,57,2),(11,12,57,4),(11,14,57,2),(11,14,57,4),(11,16,57,2),(11,16,57,4),(11,17,57,2),(11,17,57,4),(11,18,57,2),(11,18,57,4),(11,19,57,2),(11,19,57,4),(11,20,57,2),(11,21,57,2),(11,21,57,4),(11,23,57,2),(11,23,57,4),(11,25,57,2),(11,25,57,4),(11,31,57,4),(11,32,57,2),(11,32,57,4),(11,33,57,2),(11,33,57,4),(11,34,57,2),(11,34,57,4),(11,43,57,2),(11,43,57,4),(11,45,57,2),(11,45,57,4),(11,47,57,2),(11,47,57,4),(11,48,57,2),(11,48,57,4),(12,2,57,2),(12,2,57,4),(12,4,57,2),(12,4,57,4),(12,6,57,2),(12,6,57,4),(12,8,57,2),(12,8,57,4),(12,9,57,2),(12,9,57,4),(12,10,57,2),(12,10,57,4),(12,11,57,2),(12,11,57,4),(12,13,57,2),(12,13,57,4),(12,15,57,2),(12,15,57,4),(12,24,57,2),(12,24,57,4),(12,26,57,2),(12,26,57,4),(12,27,57,2),(12,27,57,4),(12,28,57,2),(12,28,57,4),(12,29,57,2),(12,29,57,4),(12,31,57,2),(12,36,57,4),(12,37,57,2),(12,37,57,4),(12,38,57,2),(12,38,57,4),(12,39,57,2),(12,39,57,4),(12,40,57,2),(12,40,57,4),(12,41,57,2),(12,41,57,4),(12,42,57,2),(12,42,57,4),(12,44,57,2),(12,44,57,4),(12,46,57,2),(12,46,57,4),(12,115,57,4),(12,116,57,4),(12,117,57,4),(12,118,57,4),(12,119,57,4),(12,120,57,4),(13,1,57,2),(13,1,57,4),(13,5,57,2),(13,5,57,4),(13,20,57,4),(13,22,57,2),(13,22,57,4),(13,30,57,2),(13,30,57,4),(13,35,57,2),(13,35,57,4),(14,1,58,2),(14,1,123,4),(14,2,58,2),(14,2,123,4),(14,3,58,2),(14,3,123,4),(14,4,58,2),(14,4,123,4),(14,5,58,2),(14,5,123,4),(14,6,58,2),(14,6,123,4),(14,7,58,2),(14,7,90,3),(14,7,123,4),(14,8,58,2),(14,8,123,4),(14,9,58,2),(14,9,123,4),(14,10,58,2),(14,10,123,4),(14,11,58,2),(14,11,123,4),(14,12,58,2),(14,12,123,4),(14,13,90,3),(14,13,123,4),(14,14,58,2),(14,14,123,4),(14,15,58,2),(14,15,123,4),(14,16,58,2),(14,16,123,4),(14,17,58,2),(14,17,123,4),(14,18,58,2),(14,18,123,4),(14,19,58,2),(14,19,123,4),(14,20,58,2),(14,20,123,4),(14,21,58,2),(14,21,123,4),(14,22,58,2),(14,22,123,4),(14,23,58,2),(14,23,123,4),(14,24,90,3),(14,24,123,4),(14,25,58,2),(14,25,123,4),(14,26,58,2),(14,26,123,4),(14,27,58,2),(14,27,123,4),(14,28,90,3),(14,28,123,4),(14,29,58,2),(14,29,123,4),(14,30,58,2),(14,30,123,4),(14,31,90,3),(14,31,123,4),(14,32,58,2),(14,32,123,4),(14,33,58,2),(14,33,123,4),(14,34,58,2),(14,34,123,4),(14,35,58,2),(14,35,123,4),(14,36,58,2),(14,36,90,3),(14,36,123,4),(14,37,90,3),(14,37,123,4),(14,38,58,2),(14,38,123,4),(14,39,58,2),(14,39,123,4),(14,40,58,2),(14,40,123,4),(14,41,90,3),(14,41,123,4),(14,42,90,3),(14,42,123,4),(14,43,58,2),(14,43,123,4),(14,44,90,3),(14,44,123,4),(14,45,58,2),(14,45,123,4),(14,46,58,2),(14,46,123,4),(14,47,58,2),(14,47,90,3),(14,47,123,4),(14,48,58,2),(14,48,123,4),(14,115,123,4),(14,116,123,4),(14,117,123,4),(14,118,123,4),(14,119,123,4),(14,120,123,4),(15,1,59,4),(15,1,62,4),(15,1,68,4),(15,2,59,4),(15,2,62,4),(15,2,68,4),(15,3,59,4),(15,3,62,4),(15,3,68,4),(15,4,59,4),(15,4,62,4),(15,4,68,4),(15,5,59,4),(15,5,62,4),(15,5,68,4),(15,6,59,4),(15,6,62,4),(15,6,68,4),(15,7,59,4),(15,7,62,4),(15,7,68,4),(15,8,59,4),(15,8,62,4),(15,8,68,4),(15,9,59,4),(15,9,62,4),(15,9,68,4),(15,10,59,4),(15,10,62,4),(15,10,68,4),(15,11,59,4),(15,11,62,4),(15,11,68,4),(15,12,59,4),(15,12,62,4),(15,12,68,4),(15,13,59,4),(15,13,62,4),(15,13,68,4),(15,14,59,4),(15,14,62,4),(15,14,68,4),(15,15,59,4),(15,15,62,4),(15,15,68,4),(15,16,59,4),(15,16,62,4),(15,16,68,4),(15,17,59,4),(15,17,62,4),(15,17,68,4),(15,18,59,4),(15,18,62,4),(15,18,68,4),(15,19,59,4),(15,19,62,4),(15,19,68,4),(15,20,59,4),(15,20,62,4),(15,20,68,4),(15,21,59,4),(15,21,62,4),(15,21,68,4),(15,22,59,4),(15,22,62,4),(15,22,68,4),(15,23,59,4),(15,23,62,4),(15,23,68,4),(15,24,59,4),(15,24,62,4),(15,24,68,4),(15,25,59,4),(15,25,62,4),(15,25,68,4),(15,26,59,4),(15,26,62,4),(15,26,68,4),(15,27,59,4),(15,27,62,4),(15,27,68,4),(15,28,59,4),(15,28,62,4),(15,28,68,4),(15,29,59,4),(15,29,62,4),(15,29,68,4),(15,30,59,4),(15,30,62,4),(15,30,68,4),(15,31,59,4),(15,31,62,4),(15,31,68,4),(15,32,59,4),(15,32,62,4),(15,32,68,4),(15,33,59,4),(15,33,62,4),(15,33,68,4),(15,34,59,4),(15,34,62,4),(15,34,68,4),(15,35,59,4),(15,35,62,4),(15,35,68,4),(15,36,59,4),(15,36,62,4),(15,36,68,4),(15,37,59,4),(15,37,62,4),(15,37,68,4),(15,38,59,4),(15,38,62,4),(15,38,68,4),(15,39,59,4),(15,39,62,4),(15,39,68,4),(15,40,59,4),(15,40,62,4),(15,40,68,4),(15,41,59,4),(15,41,62,4),(15,41,68,4),(15,42,59,4),(15,42,62,4),(15,42,68,4),(15,43,59,4),(15,43,62,4),(15,43,68,4),(15,44,59,4),(15,44,62,4),(15,44,68,4),(15,45,59,4),(15,45,62,4),(15,45,68,4),(15,46,59,4),(15,46,62,4),(15,46,68,4),(15,47,59,4),(15,47,62,4),(15,47,68,4),(15,48,59,4),(15,48,62,4),(15,48,68,4),(15,115,59,4),(15,115,62,4),(15,115,68,4),(15,116,59,4),(15,116,62,4),(15,116,68,4),(15,117,59,4),(15,117,62,4),(15,117,68,4),(15,118,59,4),(15,118,62,4),(15,118,68,4),(15,119,59,4),(15,119,62,4),(15,119,68,4),(15,120,59,4),(15,120,62,4),(15,120,68,4),(16,1,60,4),(16,1,67,4),(16,2,60,4),(16,2,67,4),(16,3,60,4),(16,4,60,4),(16,4,67,4),(16,5,67,4),(16,6,60,4),(16,6,67,4),(16,7,60,4),(16,7,67,4),(16,8,60,4),(16,8,67,4),(16,9,60,4),(16,9,67,4),(16,10,60,4),(16,10,67,4),(16,11,67,4),(16,12,67,4),(16,13,60,4),(16,13,67,4),(16,14,60,4),(16,14,67,4),(16,15,60,4),(16,15,67,4),(16,18,60,4),(16,18,67,4),(16,20,60,4),(16,20,67,4),(16,21,67,4),(16,22,60,4),(16,24,60,4),(16,24,67,4),(16,26,60,4),(16,27,60,4),(16,27,67,4),(16,28,60,4),(16,28,67,4),(16,29,60,4),(16,29,67,4),(16,30,60,4),(16,31,60,4),(16,31,67,4),(16,33,60,4),(16,33,67,4),(16,34,67,4),(16,35,60,4),(16,35,67,4),(16,36,60,4),(16,37,60,4),(16,38,60,4),(16,38,67,4),(16,40,60,4),(16,40,67,4),(16,41,60,4),(16,41,67,4),(16,42,60,4),(16,42,67,4),(16,44,60,4),(16,44,67,4),(16,46,60,4),(16,46,67,4),(16,47,60,4),(16,47,67,4),(16,115,60,4),(16,116,60,4),(16,119,60,4),(16,119,67,4),(16,120,60,4),(16,120,67,4),(24,1,63,2),(24,1,63,4),(24,2,63,2),(24,2,63,4),(24,3,63,2),(24,3,63,4),(24,4,63,2),(24,4,63,4),(24,5,63,2),(24,5,63,4),(24,6,63,2),(24,6,63,4),(24,7,63,2),(24,7,63,4),(24,8,63,2),(24,8,63,4),(24,9,63,2),(24,9,63,4),(24,10,63,2),(24,10,63,4),(24,11,63,2),(24,11,63,4),(24,12,63,2),(24,12,63,4),(24,13,63,2),(24,13,63,4),(24,14,63,2),(24,14,63,4),(24,15,63,2),(24,15,63,4),(24,16,63,2),(24,16,63,4),(24,17,63,2),(24,17,63,4),(24,18,63,2),(24,18,63,4),(24,19,63,2),(24,19,63,4),(24,20,63,2),(24,20,63,4),(24,21,63,2),(24,21,63,4),(24,22,63,2),(24,22,63,4),(24,23,63,2),(24,23,63,4),(24,24,63,2),(24,24,63,4),(24,25,63,2),(24,25,63,4),(24,26,63,2),(24,26,63,4),(24,27,63,2),(24,27,63,4),(24,28,63,2),(24,28,63,4),(24,29,63,2),(24,29,63,4),(24,30,63,2),(24,30,63,4),(24,31,63,2),(24,31,63,4),(24,32,63,4),(24,33,63,2),(24,33,63,4),(24,34,63,2),(24,34,63,4),(24,35,63,2),(24,35,63,4),(24,36,63,2),(24,36,63,4),(24,37,63,2),(24,37,63,4),(24,38,63,2),(24,38,63,4),(24,39,63,2),(24,39,63,4),(24,40,63,2),(24,40,63,4),(24,41,63,2),(24,41,63,4),(24,42,63,2),(24,42,63,4),(24,43,63,2),(24,43,63,4),(24,44,63,2),(24,44,63,4),(24,45,63,2),(24,45,63,4),(24,46,63,2),(24,46,63,4),(24,47,63,2),(24,47,63,4),(24,48,63,2),(24,48,63,4),(24,115,63,4),(24,116,63,4),(24,117,63,4),(24,118,63,4),(24,119,63,4),(24,120,63,4),(25,4,64,2),(25,4,64,4),(25,5,64,2),(25,5,64,4),(25,8,64,2),(25,8,64,4),(25,10,64,2),(25,10,64,4),(25,15,64,2),(25,15,64,4),(25,26,64,2),(25,26,64,4),(25,27,64,2),(25,27,64,4),(25,29,64,2),(25,29,64,4),(25,30,64,2),(25,30,64,4),(25,35,64,2),(25,35,64,4),(25,38,64,2),(25,38,64,4),(25,46,64,2),(25,46,64,4),(25,115,64,4),(25,116,64,4),(26,3,64,2),(26,3,64,4),(26,16,64,2),(26,16,64,4),(26,17,64,2),(26,17,64,4),(26,19,64,2),(26,19,64,4),(26,20,64,2),(26,20,64,4),(26,23,64,2),(26,23,64,4),(26,25,64,2),(26,25,64,4),(26,39,64,2),(26,39,64,4),(26,43,64,2),(26,43,64,4),(26,45,64,2),(26,45,64,4),(26,48,64,2),(26,48,64,4),(26,117,64,4),(26,118,64,4),(27,7,64,2),(27,7,64,4),(27,13,64,2),(27,13,64,4),(27,28,64,2),(27,28,64,4),(27,31,64,2),(27,31,64,4),(27,36,64,2),(27,36,64,4),(27,41,64,2),(27,41,64,4),(27,42,64,2),(27,42,64,4),(27,44,64,2),(27,44,64,4),(27,47,64,2),(27,47,64,4),(28,1,64,2),(28,1,64,4),(28,2,64,2),(28,2,64,4),(28,6,64,2),(28,6,64,4),(28,9,64,2),(28,9,64,4),(28,11,64,2),(28,11,64,4),(28,12,64,2),(28,12,64,4),(28,14,64,2),(28,14,64,4),(28,18,64,2),(28,18,64,4),(28,21,64,2),(28,21,64,4),(28,22,64,2),(28,22,64,4),(28,24,64,2),(28,24,64,4),(28,32,64,2),(28,32,64,4),(28,33,64,2),(28,33,64,4),(28,34,64,2),(28,34,64,4),(28,37,64,2),(28,37,64,4),(28,40,64,2),(28,40,64,4),(28,119,64,4),(28,120,64,4),(29,1,65,2),(29,1,65,4),(29,2,65,2),(29,2,65,4),(29,4,65,2),(29,4,65,4),(29,5,65,2),(29,5,65,4),(29,6,65,2),(29,6,65,4),(29,7,65,2),(29,7,65,4),(29,8,65,2),(29,8,65,4),(29,9,65,2),(29,9,65,4),(29,10,65,2),(29,10,65,4),(29,11,65,2),(29,11,65,4),(29,12,65,2),(29,12,65,4),(29,13,65,2),(29,13,65,4),(29,14,65,2),(29,14,65,4),(29,15,65,4),(29,16,65,2),(29,18,65,4),(29,19,65,2),(29,20,65,2),(29,21,65,2),(29,21,65,4),(29,22,65,4),(29,23,65,2),(29,24,65,2),(29,24,65,4),(29,25,65,2),(29,26,65,2),(29,26,65,4),(29,27,65,2),(29,27,65,4),(29,28,65,2),(29,28,65,4),(29,29,65,2),(29,29,65,4),(29,30,65,2),(29,30,65,4),(29,31,65,2),(29,31,65,4),(29,32,65,2),(29,32,65,4),(29,33,65,2),(29,33,65,4),(29,34,65,2),(29,34,65,4),(29,35,65,2),(29,35,65,4),(29,36,65,4),(29,37,65,2),(29,37,65,4),(29,38,65,2),(29,38,65,4),(29,39,65,2),(29,40,65,4),(29,41,65,2),(29,41,65,4),(29,42,65,4),(29,43,65,2),(29,44,65,2),(29,44,65,4),(29,46,65,4),(29,47,65,4),(29,48,65,4),(29,115,65,4),(29,116,65,4),(29,119,65,4),(29,120,65,4),(30,3,65,2),(30,3,65,4),(30,15,65,2),(30,16,65,4),(30,17,65,2),(30,17,65,4),(30,18,65,2),(30,19,65,4),(30,20,65,4),(30,22,65,2),(30,23,65,4),(30,25,65,4),(30,36,65,2),(30,39,65,4),(30,40,65,2),(30,42,65,2),(30,43,65,4),(30,45,65,2),(30,45,65,4),(30,117,65,4),(30,118,65,4),(31,1,66,2),(31,1,66,4),(31,2,66,2),(31,2,66,4),(31,4,66,2),(31,4,66,4),(31,6,66,2),(31,6,66,4),(31,8,66,2),(31,8,66,4),(31,9,66,2),(31,9,66,4),(31,10,66,2),(31,10,66,4),(31,11,66,2),(31,11,66,4),(31,12,66,2),(31,12,66,4),(31,13,66,2),(31,13,66,4),(31,14,66,2),(31,14,66,4),(31,15,66,2),(31,15,66,4),(31,18,66,2),(31,18,66,4),(31,21,66,2),(31,21,66,4),(31,22,66,2),(31,22,66,4),(31,24,66,2),(31,24,66,4),(31,26,66,2),(31,26,66,4),(31,27,66,2),(31,27,66,4),(31,28,66,2),(31,28,66,4),(31,29,66,2),(31,29,66,4),(31,30,66,2),(31,30,66,4),(31,31,66,2),(31,31,66,4),(31,33,66,2),(31,33,66,4),(31,34,66,2),(31,34,66,4),(31,35,66,2),(31,35,66,4),(31,36,66,2),(31,36,66,4),(31,37,66,2),(31,37,66,4),(31,38,66,2),(31,38,66,4),(31,40,66,2),(31,40,66,4),(31,41,66,2),(31,41,66,4),(31,42,66,2),(31,42,66,4),(31,44,66,2),(31,44,66,4),(31,46,66,2),(31,46,66,4),(31,115,66,4),(31,116,66,4),(31,119,66,4),(31,120,66,4),(32,1,66,2),(32,1,66,4),(32,2,66,2),(32,2,66,4),(32,4,66,2),(32,4,66,4),(32,6,66,2),(32,6,66,4),(32,8,66,2),(32,8,66,4),(32,9,66,2),(32,9,66,4),(32,10,66,2),(32,10,66,4),(32,11,66,2),(32,11,66,4),(32,12,66,2),(32,12,66,4),(32,13,66,2),(32,13,66,4),(32,14,66,2),(32,14,66,4),(32,15,66,2),(32,15,66,4),(32,18,66,2),(32,18,66,4),(32,21,66,2),(32,21,66,4),(32,22,66,2),(32,22,66,4),(32,24,66,2),(32,24,66,4),(32,26,66,2),(32,26,66,4),(32,27,66,2),(32,27,66,4),(32,28,66,2),(32,28,66,4),(32,29,66,2),(32,30,66,2),(32,30,66,4),(32,31,66,2),(32,31,66,4),(32,33,66,2),(32,33,66,4),(32,34,66,2),(32,34,66,4),(32,35,66,2),(32,35,66,4),(32,36,66,2),(32,36,66,4),(32,37,66,2),(32,37,66,4),(32,38,66,2),(32,38,66,4),(32,40,66,2),(32,40,66,4),(32,41,66,2),(32,41,66,4),(32,42,66,2),(32,42,66,4),(32,44,66,2),(32,44,66,4),(32,46,66,2),(32,46,66,4),(32,115,66,4),(32,116,66,4),(32,119,66,4),(32,120,66,4),(33,7,66,2),(33,47,66,2),(34,7,66,2),(34,47,66,2),(35,3,66,2),(35,3,66,4),(35,5,66,2),(35,5,66,4),(35,16,66,2),(35,16,66,4),(35,20,66,2),(35,20,66,4),(35,25,66,4),(35,32,66,2),(35,32,66,4),(35,39,66,2),(35,39,66,4),(35,45,66,2),(35,45,66,4),(35,117,66,4),(35,118,66,4),(36,3,66,2),(36,3,66,4),(36,5,66,2),(36,5,66,4),(36,16,66,2),(36,16,66,4),(36,20,66,2),(36,20,66,4),(36,25,66,4),(36,32,66,2),(36,32,66,4),(36,39,66,2),(36,39,66,4),(36,45,66,2),(36,45,66,4),(36,117,66,4),(36,118,66,4),(37,17,66,2),(37,17,66,4),(37,19,66,2),(37,19,66,4),(37,23,66,2),(37,23,66,4),(37,25,66,2),(37,43,66,2),(37,43,66,4),(37,48,66,2),(37,48,66,4),(38,17,66,2),(38,17,66,4),(38,19,66,2),(38,19,66,4),(38,23,66,2),(38,23,66,4),(38,25,66,2),(38,43,66,2),(38,43,66,4),(38,48,66,2),(38,48,66,4),(41,5,69,2),(41,5,69,4),(41,7,69,2),(41,7,69,4),(41,11,69,2),(41,11,69,4),(41,12,69,2),(41,12,69,4),(41,13,69,2),(41,13,69,4),(41,14,69,2),(41,14,69,4),(41,18,69,2),(41,21,69,2),(41,21,69,4),(41,24,69,2),(41,28,69,2),(41,28,69,4),(41,31,69,2),(41,31,69,4),(41,32,69,2),(41,32,69,4),(41,33,69,2),(41,33,69,4),(41,34,69,2),(41,34,69,4),(41,36,69,2),(41,36,69,4),(41,37,69,2),(41,37,69,4),(41,41,69,2),(41,41,69,4),(41,42,69,2),(41,44,69,2),(41,44,69,4),(41,47,69,2),(41,47,69,4),(42,1,69,2),(42,1,69,4),(42,2,69,2),(42,2,69,4),(42,3,69,2),(42,3,69,4),(42,4,69,2),(42,4,69,4),(42,6,69,2),(42,6,69,4),(42,8,69,2),(42,8,69,4),(42,9,69,2),(42,9,69,4),(42,10,69,2),(42,10,69,4),(42,15,69,2),(42,15,69,4),(42,16,69,2),(42,16,69,4),(42,17,69,2),(42,17,69,4),(42,18,69,4),(42,19,69,2),(42,19,69,4),(42,20,69,2),(42,20,69,4),(42,22,69,2),(42,22,69,4),(42,23,69,2),(42,23,69,4),(42,24,69,4),(42,25,69,2),(42,25,69,4),(42,26,69,2),(42,26,69,4),(42,27,69,2),(42,27,69,4),(42,29,69,2),(42,29,69,4),(42,30,69,2),(42,30,69,4),(42,35,69,2),(42,35,69,4),(42,38,69,2),(42,38,69,4),(42,39,69,2),(42,39,69,4),(42,40,69,2),(42,40,69,4),(42,42,69,4),(42,43,69,2),(42,43,69,4),(42,45,69,2),(42,45,69,4),(42,46,69,2),(42,46,69,4),(42,48,69,2),(42,48,69,4),(42,115,69,4),(42,116,69,4),(42,117,69,4),(42,118,69,4),(42,119,69,4),(42,120,69,4),(43,7,70,4),(43,7,71,4),(43,13,70,4),(43,13,71,4),(43,24,70,4),(43,24,71,4),(43,28,70,4),(43,28,71,4),(43,31,70,4),(43,31,71,4),(43,36,70,4),(43,36,71,4),(43,41,70,4),(43,41,71,4),(43,42,70,4),(43,42,71,4),(43,44,70,4),(43,44,71,4),(43,47,70,4),(43,47,71,4),(44,1,70,4),(44,1,71,4),(44,2,70,4),(44,2,71,4),(44,3,70,4),(44,3,71,4),(44,4,70,4),(44,4,71,4),(44,6,70,4),(44,8,70,4),(44,8,71,4),(44,9,70,4),(44,9,71,4),(44,10,70,4),(44,10,71,4),(44,15,70,4),(44,15,71,4),(44,16,70,4),(44,16,71,4),(44,17,70,4),(44,17,71,4),(44,19,70,4),(44,19,71,4),(44,20,70,4),(44,20,71,4),(44,22,70,4),(44,22,71,4),(44,23,70,4),(44,23,71,4),(44,25,70,4),(44,25,71,4),(44,26,70,4),(44,26,71,4),(44,27,70,4),(44,27,71,4),(44,29,70,4),(44,29,71,4),(44,30,70,4),(44,30,71,4),(44,35,70,4),(44,35,71,4),(44,37,70,4),(44,37,71,4),(44,38,70,4),(44,38,71,4),(44,39,70,4),(44,39,71,4),(44,40,70,4),(44,40,71,4),(44,43,70,4),(44,43,71,4),(44,45,70,4),(44,45,71,4),(44,46,70,4),(44,46,71,4),(44,48,70,4),(44,48,71,4),(44,115,70,4),(44,115,71,4),(44,116,70,4),(44,116,71,4),(44,117,70,4),(44,117,71,4),(44,118,70,4),(44,118,71,4),(44,119,70,4),(44,119,71,4),(44,120,70,4),(44,120,71,4),(45,5,70,4),(45,5,71,4),(45,6,71,4),(45,11,70,4),(45,11,71,4),(45,12,70,4),(45,12,71,4),(45,14,70,4),(45,14,71,4),(45,18,70,4),(45,18,71,4),(45,21,70,4),(45,21,71,4),(45,32,70,4),(45,32,71,4),(45,33,70,4),(45,33,71,4),(45,34,70,4),(45,34,71,4),(48,1,73,2),(48,1,73,4),(48,2,73,2),(48,2,73,4),(48,3,73,2),(48,3,73,4),(48,4,73,2),(48,4,73,4),(48,5,73,2),(48,5,73,4),(48,6,73,2),(48,6,73,4),(48,7,73,2),(48,7,73,4),(48,8,73,2),(48,8,73,4),(48,9,73,2),(48,9,73,4),(48,10,73,2),(48,10,73,4),(48,11,73,2),(48,11,73,4),(48,12,73,2),(48,12,73,4),(48,13,73,2),(48,13,73,4),(48,14,73,2),(48,14,73,4),(48,15,73,2),(48,15,73,4),(48,16,73,2),(48,16,73,4),(48,17,73,2),(48,17,73,4),(48,18,73,2),(48,18,73,4),(48,19,73,2),(48,19,73,4),(48,20,73,2),(48,20,73,4),(48,21,73,2),(48,21,73,4),(48,22,73,2),(48,22,73,4),(48,23,73,2),(48,23,73,4),(48,24,73,2),(48,24,73,4),(48,25,73,2),(48,25,73,4),(48,26,73,2),(48,26,73,4),(48,27,73,2),(48,27,73,4),(48,28,73,2),(48,28,73,4),(48,29,73,2),(48,29,73,4),(48,30,73,2),(48,30,73,4),(48,31,73,2),(48,31,73,4),(48,32,73,2),(48,32,73,4),(48,33,73,2),(48,33,73,4),(48,34,73,2),(48,34,73,4),(48,35,73,2),(48,35,73,4),(48,36,73,2),(48,36,73,4),(48,37,73,2),(48,37,73,4),(48,38,73,2),(48,38,73,4),(48,39,73,2),(48,39,73,4),(48,40,73,2),(48,40,73,4),(48,41,73,2),(48,41,73,4),(48,42,73,2),(48,42,73,4),(48,43,73,2),(48,43,73,4),(48,44,73,2),(48,44,73,4),(48,45,73,2),(48,45,73,4),(48,46,73,2),(48,46,73,4),(48,47,73,2),(48,47,73,4),(48,48,73,2),(48,48,73,4),(48,115,73,4),(48,116,73,4),(48,117,73,4),(48,118,73,4),(48,119,73,4),(48,120,73,4),(49,1,74,4),(49,2,74,4),(49,3,74,4),(49,4,74,4),(49,5,74,4),(49,6,74,4),(49,7,74,4),(49,8,74,4),(49,9,74,4),(49,10,74,4),(49,11,74,4),(49,12,74,4),(49,13,74,4),(49,14,74,4),(49,15,74,4),(49,16,74,4),(49,17,74,4),(49,18,74,4),(49,19,74,4),(49,20,74,4),(49,21,74,4),(49,22,74,4),(49,23,74,4),(49,24,74,4),(49,25,74,4),(49,26,74,4),(49,27,74,4),(49,28,74,4),(49,29,74,4),(49,30,74,4),(49,31,74,4),(49,32,74,4),(49,33,74,4),(49,34,74,4),(49,35,74,4),(49,36,74,4),(49,37,74,4),(49,38,74,4),(49,39,74,4),(49,40,74,4),(49,41,74,4),(49,42,74,4),(49,43,74,4),(49,44,74,4),(49,45,74,4),(49,46,74,4),(49,47,74,4),(49,48,74,4),(49,115,74,4),(49,116,74,4),(49,117,74,4),(49,118,74,4),(49,119,74,4),(49,120,74,4),(50,1,75,2),(50,1,75,4),(50,2,75,2),(50,2,75,4),(50,3,75,2),(50,3,75,4),(50,4,75,2),(50,4,75,4),(50,5,75,2),(50,5,75,4),(50,6,75,2),(50,6,75,4),(50,7,75,2),(50,7,75,4),(50,8,75,2),(50,8,75,4),(50,9,75,2),(50,9,75,4),(50,10,75,2),(50,10,75,4),(50,11,75,2),(50,11,75,4),(50,12,75,2),(50,12,75,4),(50,13,75,2),(50,13,75,4),(50,14,75,2),(50,14,75,4),(50,15,75,2),(50,15,75,4),(50,16,75,2),(50,16,75,4),(50,17,75,2),(50,17,75,4),(50,18,75,2),(50,18,75,4),(50,19,75,2),(50,19,75,4),(50,20,75,2),(50,20,75,4),(50,21,75,2),(50,21,75,4),(50,22,75,2),(50,22,75,4),(50,23,75,2),(50,23,75,4),(50,24,75,2),(50,24,75,4),(50,25,75,2),(50,25,75,4),(50,26,75,2),(50,26,75,4),(50,27,75,2),(50,27,75,4),(50,28,75,2),(50,28,75,4),(50,29,75,2),(50,29,75,4),(50,30,75,2),(50,30,75,4),(50,31,75,2),(50,31,75,4),(50,32,75,2),(50,32,75,4),(50,33,75,2),(50,33,75,4),(50,34,75,2),(50,34,75,4),(50,35,75,2),(50,35,75,4),(50,36,75,2),(50,36,75,4),(50,37,75,2),(50,37,75,4),(50,38,75,2),(50,38,75,4),(50,39,75,2),(50,39,75,4),(50,40,75,2),(50,40,75,4),(50,41,75,2),(50,41,75,4),(50,42,75,2),(50,42,75,4),(50,43,75,2),(50,43,75,4),(50,44,75,2),(50,44,75,4),(50,45,75,2),(50,45,75,4),(50,46,75,2),(50,46,75,4),(50,47,75,2),(50,47,75,4),(50,48,75,2),(50,48,75,4),(50,115,75,4),(50,116,75,4),(50,117,75,4),(50,118,75,4),(50,119,75,4),(50,120,75,4),(51,1,76,2),(51,1,76,4),(51,2,76,2),(51,2,76,4),(51,3,76,2),(51,3,76,4),(51,4,76,2),(51,4,76,4),(51,6,76,2),(51,7,76,2),(51,7,76,4),(51,8,76,2),(51,8,76,4),(51,10,76,2),(51,10,76,4),(51,11,76,2),(51,11,76,4),(51,12,76,2),(51,12,76,4),(51,13,76,2),(51,13,76,4),(51,14,76,2),(51,14,76,4),(51,15,76,2),(51,15,76,4),(51,16,76,2),(51,16,76,4),(51,17,76,2),(51,17,76,4),(51,18,76,2),(51,18,76,4),(51,19,76,2),(51,19,76,4),(51,21,76,2),(51,21,76,4),(51,22,76,2),(51,22,76,4),(51,23,76,2),(51,23,76,4),(51,24,76,4),(51,25,76,2),(51,25,76,4),(51,26,76,2),(51,26,76,4),(51,27,76,2),(51,27,76,4),(51,28,76,2),(51,28,76,4),(51,29,76,2),(51,29,76,4),(51,31,76,2),(51,33,76,2),(51,33,76,4),(51,34,76,2),(51,34,76,4),(51,35,76,2),(51,35,76,4),(51,36,76,2),(51,36,76,4),(51,37,76,2),(51,37,76,4),(51,38,76,2),(51,38,76,4),(51,39,76,2),(51,39,76,4),(51,40,76,2),(51,40,76,4),(51,41,76,2),(51,41,76,4),(51,42,76,2),(51,42,76,4),(51,43,76,2),(51,43,76,4),(51,44,76,2),(51,44,76,4),(51,45,76,2),(51,45,76,4),(51,46,76,2),(51,46,76,4),(51,47,76,2),(51,47,76,4),(51,48,76,2),(51,48,76,4),(51,115,76,4),(51,116,76,4),(51,117,76,4),(51,118,76,4),(51,119,76,4),(51,120,76,4),(52,5,76,2),(52,5,76,4),(52,6,76,4),(52,9,76,2),(52,9,76,4),(52,20,76,2),(52,20,76,4),(52,24,76,2),(52,30,76,2),(52,30,76,4),(52,32,76,2),(52,32,76,4),(53,1,124,4),(53,2,124,4),(53,3,124,4),(53,4,124,4),(53,5,124,4),(53,6,124,4),(53,7,124,4),(53,8,124,4),(53,9,124,4),(53,10,124,4),(53,11,124,4),(53,12,124,4),(53,13,124,4),(53,14,124,4),(53,15,124,4),(53,16,124,4),(53,17,124,4),(53,18,124,4),(53,19,124,4),(53,20,124,4),(53,21,124,4),(53,22,124,4),(53,23,124,4),(53,24,51,4),(53,24,124,4),(53,25,124,4),(53,26,124,4),(53,27,124,4),(53,28,51,4),(53,28,124,4),(53,29,124,4),(53,30,124,4),(53,31,124,4),(53,32,124,4),(53,33,124,4),(53,34,124,4),(53,35,124,4),(53,36,124,4),(53,37,124,4),(53,38,124,4),(53,39,124,4),(53,40,124,4),(53,41,51,4),(53,41,124,4),(53,42,124,4),(53,43,124,4),(53,44,124,4),(53,45,124,4),(53,46,124,4),(53,47,124,4),(53,48,124,4),(53,115,124,4),(53,116,124,4),(53,117,124,4),(53,118,124,4),(53,119,124,4),(53,120,124,4),(54,5,54,2),(54,32,54,2),(55,13,58,2),(55,24,58,2),(55,28,58,2),(55,31,58,2),(55,37,58,2),(55,41,58,2),(55,42,58,2),(55,44,58,2),(56,16,77,2),(56,17,77,2),(56,19,77,2),(56,20,77,2),(56,23,77,2),(56,32,77,2),(56,39,77,2),(56,43,77,2),(56,48,77,2),(57,1,77,2),(57,1,77,4),(57,2,77,2),(57,2,77,4),(57,3,77,2),(57,4,77,2),(57,4,77,4),(57,5,77,2),(57,6,77,2),(57,6,77,4),(57,7,77,2),(57,7,77,4),(57,8,77,2),(57,8,77,4),(57,9,77,2),(57,9,77,4),(57,10,77,2),(57,10,77,4),(57,11,77,2),(57,11,77,4),(57,12,77,2),(57,12,77,4),(57,13,77,2),(57,13,77,4),(57,14,77,2),(57,14,77,4),(57,15,77,2),(57,15,77,4),(57,18,77,2),(57,18,77,4),(57,21,77,2),(57,21,77,4),(57,22,77,2),(57,22,77,4),(57,24,77,2),(57,24,77,4),(57,25,77,2),(57,26,77,2),(57,26,77,4),(57,27,77,2),(57,27,77,4),(57,28,77,2),(57,28,77,4),(57,29,77,2),(57,29,77,4),(57,30,77,2),(57,30,77,4),(57,31,77,2),(57,31,77,4),(57,33,77,2),(57,33,77,4),(57,34,77,2),(57,34,77,4),(57,35,77,2),(57,35,77,4),(57,36,77,2),(57,36,77,4),(57,37,77,2),(57,37,77,4),(57,38,77,2),(57,38,77,4),(57,39,77,4),(57,40,77,2),(57,40,77,4),(57,41,77,2),(57,41,77,4),(57,42,77,2),(57,42,77,4),(57,43,77,4),(57,44,77,2),(57,44,77,4),(57,45,77,2),(57,46,77,2),(57,46,77,4),(57,47,77,2),(57,47,77,4),(57,115,77,4),(57,116,77,4),(57,117,77,4),(57,118,77,4),(57,119,77,4),(57,120,77,4),(59,1,78,2),(59,1,127,4),(59,2,78,2),(59,3,78,2),(59,4,78,2),(59,4,127,4),(59,5,78,2),(59,5,127,4),(59,6,78,2),(59,6,127,4),(59,7,78,2),(59,7,127,4),(59,8,78,2),(59,8,127,4),(59,9,78,2),(59,9,127,4),(59,10,78,2),(59,10,127,4),(59,11,78,2),(59,11,127,4),(59,12,78,2),(59,13,78,2),(59,13,127,4),(59,14,78,2),(59,14,127,4),(59,15,78,2),(59,15,127,4),(59,16,78,2),(59,17,78,2),(59,17,127,4),(59,18,78,2),(59,18,127,4),(59,19,78,2),(59,19,127,4),(59,20,78,2),(59,20,127,4),(59,21,78,2),(59,22,78,2),(59,22,127,4),(59,23,78,2),(59,23,127,4),(59,24,78,2),(59,25,78,2),(59,26,78,2),(59,26,127,4),(59,27,78,2),(59,27,127,4),(59,28,78,2),(59,28,127,4),(59,29,78,2),(59,29,127,4),(59,30,78,2),(59,30,127,4),(59,31,78,2),(59,31,127,4),(59,32,78,2),(59,32,127,4),(59,33,78,2),(59,33,127,4),(59,34,78,2),(59,34,127,4),(59,35,78,2),(59,35,127,4),(59,36,78,2),(59,36,127,4),(59,37,78,2),(59,38,78,2),(59,38,127,4),(59,39,78,2),(59,39,127,4),(59,40,78,2),(59,40,127,4),(59,41,78,2),(59,41,127,4),(59,42,78,2),(59,42,127,4),(59,43,78,2),(59,43,127,4),(59,44,78,2),(59,44,127,4),(59,45,78,2),(59,45,127,4),(59,46,78,2),(59,46,127,4),(59,47,78,2),(59,47,127,4),(59,48,78,2),(59,48,127,4),(59,115,127,4),(59,116,127,4),(59,117,127,4),(59,118,127,4),(59,119,127,4),(59,120,127,4),(60,1,80,3),(60,1,80,5),(60,1,109,3),(60,1,110,3),(60,1,111,3),(60,2,80,5),(60,6,80,3),(60,6,80,5),(60,6,109,3),(60,6,110,3),(60,6,111,3),(60,9,80,3),(60,9,80,5),(60,9,109,3),(60,9,110,3),(60,9,111,3),(60,10,80,3),(60,10,80,5),(60,10,109,3),(60,10,110,3),(60,10,111,3),(60,11,80,3),(60,11,80,5),(60,11,109,3),(60,11,110,3),(60,11,111,3),(60,12,80,3),(60,12,80,5),(60,12,109,3),(60,12,110,3),(60,12,111,3),(60,14,80,3),(60,14,80,5),(60,14,109,3),(60,14,110,3),(60,14,111,3),(60,15,80,3),(60,15,80,5),(60,15,109,3),(60,15,110,3),(60,15,111,3),(60,18,80,3),(60,18,80,5),(60,18,109,3),(60,18,110,3),(60,18,111,3),(60,21,80,3),(60,21,109,3),(60,21,110,3),(60,21,111,3),(60,22,80,3),(60,22,80,5),(60,22,109,3),(60,22,110,3),(60,22,111,3),(60,26,80,3),(60,26,80,5),(60,26,109,3),(60,26,110,3),(60,26,111,3),(60,27,80,3),(60,27,80,5),(60,27,109,3),(60,27,110,3),(60,27,111,3),(60,30,80,3),(60,30,80,5),(60,30,109,3),(60,30,110,3),(60,30,111,3),(60,33,80,3),(60,33,80,5),(60,33,109,3),(60,33,110,3),(60,33,111,3),(60,34,80,3),(60,34,80,5),(60,34,109,3),(60,34,110,3),(60,34,111,3),(60,35,80,3),(60,35,80,5),(60,35,109,3),(60,35,110,3),(60,35,111,3),(60,46,80,3),(60,46,80,5),(60,46,109,3),(60,46,110,3),(60,46,111,3),(60,115,80,5),(60,116,80,5),(61,4,80,5),(61,7,80,3),(61,7,80,5),(61,7,109,3),(61,7,110,3),(61,7,111,3),(61,8,80,3),(61,8,109,3),(61,8,110,3),(61,8,111,3),(61,13,80,3),(61,13,80,5),(61,13,109,3),(61,13,110,3),(61,13,111,3),(61,24,80,3),(61,24,80,5),(61,24,109,3),(61,24,110,3),(61,24,111,3),(61,28,80,3),(61,28,109,3),(61,28,110,3),(61,28,111,3),(61,29,80,5),(61,31,80,3),(61,31,109,3),(61,31,110,3),(61,31,111,3),(61,32,80,3),(61,32,109,3),(61,32,110,3),(61,32,111,3),(61,36,80,3),(61,36,80,5),(61,36,109,3),(61,36,110,3),(61,36,111,3),(61,37,80,3),(61,37,80,5),(61,37,109,3),(61,37,110,3),(61,37,111,3),(61,38,80,3),(61,38,109,3),(61,38,110,3),(61,38,111,3),(61,40,80,3),(61,40,80,5),(61,40,109,3),(61,40,110,3),(61,40,111,3),(61,41,80,3),(61,41,109,3),(61,41,110,3),(61,41,111,3),(61,42,80,3),(61,42,80,5),(61,42,109,3),(61,42,110,3),(61,42,111,3),(61,44,80,3),(61,44,80,5),(61,44,109,3),(61,44,110,3),(61,44,111,3),(61,47,80,3),(61,47,80,5),(61,47,109,3),(61,47,110,3),(61,47,111,3),(61,120,80,5),(61,128,80,5),(61,129,80,5),(62,3,80,3),(62,3,80,5),(62,3,109,3),(62,3,110,3),(62,3,111,3),(62,5,80,3),(62,5,80,5),(62,5,109,3),(62,5,110,3),(62,5,111,3),(62,16,80,3),(62,16,80,5),(62,16,109,3),(62,16,110,3),(62,16,111,3),(62,20,80,3),(62,20,80,5),(62,20,109,3),(62,20,110,3),(62,20,111,3),(62,25,80,3),(62,25,80,5),(62,25,109,3),(62,25,110,3),(62,25,111,3),(62,39,80,3),(62,39,80,5),(62,39,109,3),(62,39,110,3),(62,39,111,3),(63,17,80,3),(63,17,109,3),(63,17,110,3),(63,17,111,3),(63,45,80,3),(63,45,109,3),(63,45,110,3),(63,45,111,3),(64,19,80,3),(64,19,80,5),(64,19,109,3),(64,19,110,3),(64,19,111,3),(64,23,80,3),(64,23,109,3),(64,23,110,3),(64,23,111,3),(64,43,80,3),(64,43,80,5),(64,43,109,3),(64,43,110,3),(64,43,111,3),(64,48,80,3),(64,48,80,5),(64,48,109,3),(64,48,110,3),(64,48,111,3),(65,7,81,3),(65,7,81,5),(65,11,81,3),(65,11,81,5),(65,12,81,3),(65,13,81,3),(65,13,81,5),(65,14,81,3),(65,14,81,5),(65,18,81,3),(65,18,81,5),(65,21,81,3),(65,24,81,3),(65,24,81,5),(65,28,81,3),(65,31,81,3),(65,33,81,3),(65,33,81,5),(65,34,81,3),(65,34,81,5),(65,36,81,3),(65,36,81,5),(65,37,81,3),(65,37,81,5),(65,41,81,3),(65,42,81,3),(65,42,81,5),(65,44,81,3),(65,44,81,5),(65,47,81,3),(65,47,81,5),(65,128,81,5),(66,1,81,3),(66,1,81,5),(66,3,81,3),(66,3,81,5),(66,4,81,5),(66,6,81,3),(66,6,81,5),(66,8,81,3),(66,9,81,3),(66,9,81,5),(66,10,81,3),(66,10,81,5),(66,12,81,5),(66,15,81,3),(66,15,81,5),(66,17,81,3),(66,17,81,5),(66,19,81,3),(66,19,81,5),(66,20,81,3),(66,20,81,5),(66,21,81,5),(66,22,81,3),(66,22,81,5),(66,25,81,3),(66,25,81,5),(66,26,81,3),(66,26,81,5),(66,27,81,3),(66,27,81,5),(66,29,81,5),(66,30,81,3),(66,35,81,3),(66,35,81,5),(66,38,81,3),(66,39,81,3),(66,39,81,5),(66,40,81,3),(66,40,81,5),(66,43,81,3),(66,43,81,5),(66,45,81,3),(66,45,81,5),(66,46,81,3),(66,46,81,5),(66,48,81,3),(66,48,81,5),(66,115,81,5),(66,116,81,5),(66,117,81,5),(66,118,81,5),(66,119,81,5),(66,120,81,5),(66,129,81,5),(67,5,81,3),(67,5,81,5),(67,32,81,3),(67,32,81,5),(68,3,82,3),(68,3,82,5),(68,3,106,3),(68,3,106,5),(68,3,107,3),(68,3,107,5),(68,3,108,3),(68,3,108,5),(68,20,82,3),(68,20,82,5),(68,20,106,3),(68,20,106,5),(68,20,107,3),(68,20,107,5),(68,20,108,3),(68,20,108,5),(68,25,82,3),(68,25,82,5),(68,25,106,3),(68,25,106,5),(68,25,107,3),(68,25,107,5),(68,25,108,3),(68,25,108,5),(68,39,82,3),(68,39,82,5),(68,39,106,3),(68,39,106,5),(68,39,107,3),(68,39,107,5),(68,39,108,3),(68,39,108,5),(69,32,82,3),(69,32,82,5),(69,32,106,3),(69,32,106,5),(69,32,107,3),(69,32,107,5),(69,32,108,3),(69,32,108,5),(70,17,108,5),(70,45,108,5),(71,1,82,3),(71,1,82,5),(71,1,106,3),(71,1,106,5),(71,1,107,3),(71,1,107,5),(71,1,108,3),(71,1,108,5),(71,6,82,3),(71,6,82,5),(71,6,106,3),(71,6,106,5),(71,6,107,3),(71,6,107,5),(71,6,108,3),(71,6,108,5),(71,9,82,3),(71,9,82,5),(71,9,106,3),(71,9,106,5),(71,9,107,3),(71,9,107,5),(71,9,108,3),(71,9,108,5),(71,16,82,3),(71,16,82,5),(71,16,106,3),(71,16,106,5),(71,16,107,3),(71,16,107,5),(71,16,108,3),(71,16,108,5),(72,5,82,3),(72,5,82,5),(72,5,106,3),(72,5,106,5),(72,5,107,3),(72,5,107,5),(72,5,108,3),(72,5,108,5),(72,11,82,3),(72,11,82,5),(72,11,106,3),(72,11,106,5),(72,11,107,3),(72,11,107,5),(72,11,108,3),(72,11,108,5),(72,12,82,3),(72,12,82,5),(72,12,106,3),(72,12,106,5),(72,12,107,3),(72,12,107,5),(72,12,108,3),(72,12,108,5),(72,21,82,3),(72,21,82,5),(72,21,106,3),(72,21,106,5),(72,21,107,3),(72,21,107,5),(72,21,108,3),(72,21,108,5),(72,33,82,3),(72,33,82,5),(72,33,106,3),(72,33,106,5),(72,33,107,3),(72,33,107,5),(72,33,108,3),(72,33,108,5),(72,34,82,3),(72,34,82,5),(72,34,106,3),(72,34,106,5),(72,34,107,3),(72,34,107,5),(72,34,108,3),(72,34,108,5),(77,7,82,3),(77,7,82,5),(77,7,106,3),(77,7,106,5),(77,7,107,3),(77,7,107,5),(77,7,108,5),(77,14,82,3),(77,14,82,5),(77,14,106,3),(77,14,106,5),(77,14,107,5),(77,14,108,5),(77,18,82,3),(77,18,82,5),(77,18,106,3),(77,18,106,5),(77,18,107,5),(77,18,108,5),(77,26,82,3),(77,26,82,5),(77,26,106,3),(77,26,106,5),(77,26,107,5),(77,26,108,5),(77,46,82,3),(77,46,82,5),(77,46,106,3),(77,46,106,5),(77,46,107,5),(77,46,108,5),(77,47,82,3),(77,47,82,5),(77,47,106,3),(77,47,106,5),(77,47,107,3),(77,47,107,5),(77,47,108,5),(79,8,82,3),(79,8,106,3),(79,8,107,3),(79,8,108,3),(79,38,82,3),(79,38,106,3),(79,38,107,3),(79,38,108,3),(79,129,82,5),(79,129,106,5),(79,129,107,5),(79,129,108,5),(80,2,82,3),(80,2,82,5),(80,2,106,3),(80,2,106,5),(80,2,107,3),(80,2,107,5),(80,2,108,3),(80,2,108,5),(80,10,82,3),(80,10,82,5),(80,10,106,3),(80,10,106,5),(80,10,107,3),(80,10,107,5),(80,10,108,3),(80,10,108,5),(80,22,82,3),(80,22,82,5),(80,22,106,3),(80,22,106,5),(80,22,107,3),(80,22,107,5),(80,22,108,3),(80,22,108,5),(80,27,82,3),(80,27,82,5),(80,27,106,3),(80,27,106,5),(80,27,107,3),(80,27,107,5),(80,27,108,3),(80,27,108,5),(80,30,82,3),(80,30,82,5),(80,30,106,3),(80,30,106,5),(80,30,107,3),(80,30,107,5),(80,30,108,3),(80,30,108,5),(80,35,82,3),(80,35,82,5),(80,35,106,3),(80,35,106,5),(80,35,107,3),(80,35,107,5),(80,35,108,3),(80,35,108,5),(81,4,82,5),(81,4,106,5),(81,4,107,5),(81,4,108,5),(81,13,82,3),(81,13,82,5),(81,13,106,3),(81,13,106,5),(81,13,107,3),(81,13,107,5),(81,13,108,3),(81,13,108,5),(81,15,82,3),(81,15,82,5),(81,15,106,3),(81,15,106,5),(81,15,107,3),(81,15,107,5),(81,15,108,3),(81,15,108,5),(81,24,82,3),(81,24,82,5),(81,24,106,3),(81,24,106,5),(81,24,107,3),(81,24,107,5),(81,24,108,3),(81,24,108,5),(81,29,82,5),(81,29,106,5),(81,29,107,5),(81,29,108,5),(81,37,82,3),(81,37,82,5),(81,37,106,3),(81,37,106,5),(81,37,107,3),(81,37,107,5),(81,37,108,3),(81,37,108,5),(81,40,82,3),(81,40,82,5),(81,40,106,3),(81,40,106,5),(81,40,107,3),(81,40,107,5),(81,40,108,3),(81,40,108,5),(81,119,82,5),(81,119,106,5),(81,119,107,5),(81,119,108,5),(81,120,82,5),(81,120,106,5),(81,120,107,5),(81,120,108,5),(82,19,82,3),(82,19,82,5),(82,19,106,3),(82,19,106,5),(82,19,107,3),(82,19,107,5),(82,19,108,3),(82,19,108,5),(82,23,82,3),(82,23,82,5),(82,23,106,3),(82,23,106,5),(82,23,107,3),(82,23,107,5),(82,23,108,5),(82,43,82,3),(82,43,82,5),(82,43,106,3),(82,43,106,5),(82,43,107,3),(82,43,107,5),(82,43,108,3),(82,43,108,5),(82,48,82,3),(82,48,82,5),(82,48,106,3),(82,48,106,5),(82,48,107,3),(82,48,107,5),(82,48,108,3),(82,48,108,5),(83,28,82,3),(83,28,106,3),(83,28,107,3),(83,28,108,3),(83,31,82,3),(83,31,82,5),(83,31,106,3),(83,31,106,5),(83,31,107,3),(83,31,107,5),(83,31,108,3),(83,31,108,5),(83,36,82,3),(83,36,82,5),(83,36,106,3),(83,36,106,5),(83,36,107,3),(83,36,107,5),(83,36,108,3),(83,36,108,5),(83,41,82,3),(83,41,107,3),(83,41,108,3),(83,42,82,3),(83,42,82,5),(83,42,106,3),(83,42,106,5),(83,42,107,3),(83,42,107,5),(83,42,108,3),(83,42,108,5),(83,44,82,3),(83,44,82,5),(83,44,106,3),(83,44,106,5),(83,44,107,3),(83,44,107,5),(83,44,108,3),(83,44,108,5),(83,128,82,5),(83,128,106,5),(83,128,107,5),(83,128,108,5),(85,1,83,3),(85,1,83,5),(85,2,83,3),(85,2,83,5),(85,4,83,3),(85,4,83,5),(85,6,83,3),(85,6,83,5),(85,7,83,3),(85,7,83,5),(85,8,83,3),(85,9,83,3),(85,9,83,5),(85,10,83,3),(85,10,83,5),(85,11,83,3),(85,11,83,5),(85,12,83,3),(85,12,83,5),(85,13,83,3),(85,13,83,5),(85,14,83,3),(85,14,83,5),(85,15,83,3),(85,15,83,5),(85,18,83,3),(85,18,83,5),(85,21,83,3),(85,21,83,5),(85,22,83,3),(85,22,83,5),(85,23,83,3),(85,24,83,3),(85,24,83,5),(85,25,83,3),(85,26,83,3),(85,26,83,5),(85,27,83,3),(85,27,83,5),(85,28,83,3),(85,29,83,3),(85,29,83,5),(85,30,83,3),(85,31,83,3),(85,31,83,5),(85,33,83,3),(85,33,83,5),(85,34,83,3),(85,34,83,5),(85,35,83,3),(85,35,83,5),(85,36,83,3),(85,36,83,5),(85,37,83,3),(85,37,83,5),(85,38,83,3),(85,40,83,3),(85,40,83,5),(85,41,83,3),(85,42,83,3),(85,42,83,5),(85,44,83,3),(85,44,83,5),(85,46,83,3),(85,46,83,5),(85,47,83,3),(85,47,83,5),(85,115,83,3),(85,115,83,5),(85,116,83,3),(85,116,83,5),(85,119,83,3),(85,119,83,5),(85,120,83,3),(85,120,83,5),(85,128,83,5),(85,129,83,5),(88,1,85,3),(88,1,85,5),(88,2,85,3),(88,2,85,5),(88,3,85,3),(88,3,85,5),(88,4,85,3),(88,4,85,5),(88,5,85,3),(88,5,85,5),(88,6,85,3),(88,6,85,5),(88,7,85,3),(88,7,85,5),(88,8,85,3),(88,9,85,3),(88,9,85,5),(88,10,85,3),(88,10,85,5),(88,11,85,3),(88,11,85,5),(88,12,85,3),(88,12,85,5),(88,13,85,3),(88,13,85,5),(88,14,85,3),(88,14,85,5),(88,15,85,3),(88,15,85,5),(88,16,85,3),(88,16,85,5),(88,17,85,3),(88,17,85,5),(88,18,85,3),(88,18,85,5),(88,19,85,3),(88,19,85,5),(88,20,85,3),(88,20,85,5),(88,21,85,3),(88,21,85,5),(88,22,85,3),(88,22,85,5),(88,23,85,3),(88,23,85,5),(88,24,85,3),(88,24,85,5),(88,25,85,3),(88,25,85,5),(88,26,85,3),(88,26,85,5),(88,27,85,3),(88,27,85,5),(88,28,85,3),(88,29,85,3),(88,29,85,5),(88,30,85,3),(88,30,85,5),(88,31,85,3),(88,31,85,5),(88,32,85,3),(88,32,85,5),(88,33,85,3),(88,33,85,5),(88,34,85,3),(88,34,85,5),(88,35,85,3),(88,35,85,5),(88,36,85,3),(88,36,85,5),(88,37,85,3),(88,37,85,5),(88,38,85,3),(88,39,85,3),(88,39,85,5),(88,40,85,3),(88,40,85,5),(88,41,85,3),(88,42,85,3),(88,42,85,5),(88,43,85,3),(88,43,85,5),(88,44,85,3),(88,44,85,5),(88,45,85,3),(88,45,85,5),(88,46,85,3),(88,46,85,5),(88,47,85,3),(88,47,85,5),(88,48,85,3),(88,48,85,5),(88,115,85,5),(88,116,85,5),(88,117,85,5),(88,118,85,5),(88,119,85,5),(88,120,85,5),(88,128,85,5),(88,129,85,5),(89,1,95,3),(89,1,95,5),(89,2,95,3),(89,2,95,5),(89,3,95,3),(89,3,95,5),(89,4,95,5),(89,5,95,3),(89,5,95,5),(89,6,95,3),(89,6,95,5),(89,8,95,3),(89,9,95,3),(89,9,95,5),(89,10,95,3),(89,10,95,5),(89,11,95,3),(89,11,95,5),(89,12,95,3),(89,12,95,5),(89,13,95,3),(89,14,95,3),(89,14,95,5),(89,15,95,3),(89,15,95,5),(89,16,95,3),(89,16,95,5),(89,17,95,3),(89,17,95,5),(89,18,95,3),(89,18,95,5),(89,19,95,3),(89,19,95,5),(89,20,95,3),(89,20,95,5),(89,21,95,3),(89,21,95,5),(89,22,95,3),(89,22,95,5),(89,23,95,3),(89,23,95,5),(89,25,95,3),(89,25,95,5),(89,26,95,3),(89,26,95,5),(89,27,95,3),(89,27,95,5),(89,29,95,5),(89,30,95,3),(89,30,95,5),(89,32,95,3),(89,32,95,5),(89,33,95,3),(89,33,95,5),(89,34,95,3),(89,34,95,5),(89,35,95,3),(89,35,95,5),(89,38,95,3),(89,39,95,3),(89,39,95,5),(89,40,95,3),(89,40,95,5),(89,43,95,3),(89,43,95,5),(89,45,95,3),(89,45,95,5),(89,46,95,3),(89,46,95,5),(89,48,95,3),(89,48,95,5),(89,115,95,5),(89,116,95,5),(89,117,95,5),(89,118,95,5),(89,119,95,5),(89,120,95,5),(89,129,95,5),(90,7,95,3),(90,24,95,3),(90,28,95,3),(90,31,95,3),(90,36,95,3),(90,37,95,3),(90,41,95,3),(90,42,95,3),(90,44,95,3),(90,47,95,3),(91,1,87,3),(91,1,87,5),(91,2,87,5),(91,4,87,5),(91,6,87,3),(91,6,87,5),(91,7,87,3),(91,7,87,5),(91,8,87,3),(91,9,87,3),(91,9,87,5),(91,10,87,3),(91,10,87,5),(91,11,87,3),(91,11,87,5),(91,12,87,3),(91,12,87,5),(91,13,87,3),(91,13,87,5),(91,14,87,3),(91,14,87,5),(91,15,87,5),(91,16,87,3),(91,17,87,3),(91,18,87,3),(91,18,87,5),(91,19,87,5),(91,20,87,3),(91,21,87,3),(91,21,87,5),(91,22,87,3),(91,22,87,5),(91,24,87,5),(91,25,87,3),(91,26,87,3),(91,26,87,5),(91,27,87,3),(91,27,87,5),(91,28,87,3),(91,29,87,5),(91,30,87,3),(91,30,87,5),(91,31,87,5),(91,32,87,3),(91,33,87,3),(91,33,87,5),(91,34,87,3),(91,34,87,5),(91,35,87,3),(91,35,87,5),(91,36,87,3),(91,36,87,5),(91,37,87,3),(91,37,87,5),(91,39,87,3),(91,40,87,3),(91,40,87,5),(91,41,87,3),(91,42,87,5),(91,43,87,3),(91,44,87,5),(91,45,87,3),(91,46,87,3),(91,46,87,5),(91,47,87,3),(91,47,87,5),(91,48,87,5),(91,115,87,5),(91,116,87,5),(91,119,87,5),(91,120,87,5),(91,128,87,5),(91,129,87,5),(92,2,87,3),(92,3,87,3),(92,3,87,5),(92,5,87,3),(92,5,87,5),(92,15,87,3),(92,16,87,5),(92,17,87,5),(92,19,87,3),(92,20,87,5),(92,23,87,3),(92,23,87,5),(92,24,87,3),(92,25,87,5),(92,31,87,3),(92,32,87,5),(92,38,87,3),(92,39,87,5),(92,42,87,3),(92,43,87,5),(92,44,87,3),(92,45,87,5),(92,117,87,5),(92,118,87,5),(93,1,88,3),(93,1,88,5),(93,2,88,3),(93,2,88,5),(93,3,88,3),(93,3,88,5),(93,4,88,3),(93,4,88,5),(93,5,88,3),(93,5,88,5),(93,6,88,3),(93,6,88,5),(93,7,88,3),(93,7,88,5),(93,8,88,3),(93,9,88,3),(93,9,88,5),(93,10,88,3),(93,10,88,5),(93,11,88,3),(93,11,88,5),(93,12,88,3),(93,13,88,3),(93,13,88,5),(93,14,88,3),(93,14,88,5),(93,15,88,3),(93,15,88,5),(93,16,88,3),(93,16,88,5),(93,17,88,3),(93,17,88,5),(93,18,88,3),(93,18,88,5),(93,19,88,3),(93,19,88,5),(93,20,88,3),(93,20,88,5),(93,21,88,3),(93,22,88,3),(93,22,88,5),(93,23,88,3),(93,23,88,5),(93,24,88,3),(93,24,88,5),(93,25,88,3),(93,25,88,5),(93,26,88,3),(93,26,88,5),(93,27,88,3),(93,27,88,5),(93,28,88,3),(93,29,88,3),(93,29,88,5),(93,30,88,3),(93,30,88,5),(93,31,88,3),(93,31,88,5),(93,32,88,3),(93,32,88,5),(93,33,88,3),(93,33,88,5),(93,34,88,3),(93,34,88,5),(93,35,88,3),(93,35,88,5),(93,36,88,3),(93,36,88,5),(93,37,88,3),(93,37,88,5),(93,38,88,3),(93,39,88,3),(93,39,88,5),(93,40,88,3),(93,40,88,5),(93,41,88,3),(93,42,88,3),(93,42,88,5),(93,43,88,3),(93,43,88,5),(93,44,88,3),(93,44,88,5),(93,45,88,3),(93,45,88,5),(93,46,88,3),(93,46,88,5),(93,47,88,3),(93,47,88,5),(93,48,88,3),(93,48,88,5),(93,115,88,5),(93,116,88,5),(93,117,88,5),(93,118,88,5),(93,128,88,5),(93,129,88,5),(94,1,89,3),(94,3,89,3),(94,5,89,3),(94,6,89,3),(94,8,89,3),(94,9,89,3),(94,10,89,3),(94,11,89,3),(94,12,89,3),(94,14,89,3),(94,15,89,3),(94,16,89,3),(94,17,89,3),(94,18,89,3),(94,19,89,3),(94,20,89,3),(94,21,89,3),(94,22,89,3),(94,23,89,3),(94,25,89,3),(94,26,89,3),(94,27,89,3),(94,30,89,3),(94,32,89,3),(94,33,89,3),(94,34,89,3),(94,35,89,3),(94,38,89,3),(94,39,89,3),(94,40,89,3),(94,43,89,3),(94,45,89,3),(94,46,89,3),(94,48,89,3),(96,7,89,3),(96,7,89,5),(96,13,89,3),(96,13,89,5),(96,24,89,3),(96,24,89,5),(96,28,89,3),(96,31,89,3),(96,36,89,3),(96,36,89,5),(96,37,89,3),(96,37,89,5),(96,41,89,3),(96,42,89,3),(96,44,89,3),(96,44,89,5),(96,47,89,3),(96,47,89,5),(96,128,89,5),(97,1,90,3),(97,2,90,3),(97,3,90,3),(97,5,90,3),(97,6,90,3),(97,8,90,3),(97,9,90,3),(97,10,90,3),(97,11,90,3),(97,12,90,3),(97,14,90,3),(97,15,90,3),(97,16,90,3),(97,17,90,3),(97,18,90,3),(97,19,90,3),(97,20,90,3),(97,21,90,3),(97,22,90,3),(97,23,90,3),(97,25,90,3),(97,26,90,3),(97,27,90,3),(97,30,90,3),(97,32,90,3),(97,33,90,3),(97,34,90,3),(97,35,90,3),(97,38,90,3),(97,39,90,3),(97,40,90,3),(97,43,90,3),(97,45,90,3),(97,46,90,3),(97,48,90,3),(99,1,91,3),(99,2,91,3),(99,3,91,3),(99,5,91,3),(99,8,91,3),(99,9,91,3),(99,10,91,3),(99,14,91,3),(99,15,91,3),(99,16,91,3),(99,17,91,3),(99,19,91,3),(99,20,91,3),(99,22,91,3),(99,23,91,3),(99,25,91,3),(99,26,91,3),(99,27,91,3),(99,30,91,3),(99,31,91,3),(99,35,91,3),(99,38,91,3),(99,39,91,3),(99,40,91,3),(99,43,91,3),(99,45,91,3),(99,46,91,3),(99,48,91,3),(100,1,92,3),(100,1,92,5),(100,2,92,5),(100,4,92,5),(100,6,92,3),(100,6,92,5),(100,8,92,3),(100,9,92,3),(100,9,92,5),(100,10,92,3),(100,10,92,5),(100,11,92,3),(100,11,92,5),(100,12,92,3),(100,13,92,3),(100,13,92,5),(100,14,92,3),(100,14,92,5),(100,15,92,3),(100,15,92,5),(100,18,92,3),(100,18,92,5),(100,21,92,3),(100,21,92,5),(100,22,92,3),(100,22,92,5),(100,24,92,3),(100,24,92,5),(100,26,92,3),(100,26,92,5),(100,27,92,3),(100,27,92,5),(100,28,92,3),(100,29,92,5),(100,30,92,3),(100,30,92,5),(100,31,92,3),(100,31,92,5),(100,33,92,3),(100,33,92,5),(100,34,92,3),(100,34,92,5),(100,35,92,3),(100,35,92,5),(100,36,92,3),(100,36,92,5),(100,37,92,3),(100,38,92,3),(100,40,92,3),(100,40,92,5),(100,41,92,3),(100,42,92,3),(100,42,92,5),(100,44,92,3),(100,44,92,5),(100,46,92,3),(100,46,92,5),(100,128,92,5),(100,129,92,5),(101,5,91,5),(101,6,91,3),(101,7,91,3),(101,11,91,3),(101,12,91,3),(101,13,91,3),(101,18,91,3),(101,21,91,3),(101,24,91,3),(101,28,91,3),(101,33,91,3),(101,33,91,5),(101,34,91,3),(101,34,91,5),(101,36,91,3),(101,36,91,5),(101,37,91,3),(101,37,91,5),(101,41,91,3),(101,42,91,3),(101,42,91,5),(101,44,91,3),(101,44,91,5),(101,47,91,3),(101,47,91,5),(101,128,91,5),(102,32,91,3),(103,3,92,3),(103,3,92,5),(103,16,92,3),(103,16,92,5),(103,17,92,3),(103,17,92,5),(103,19,92,3),(103,19,92,5),(103,20,92,3),(103,20,92,5),(103,23,92,3),(103,23,92,5),(103,25,92,3),(103,25,92,5),(103,39,92,3),(103,39,92,5),(103,43,92,3),(103,43,92,5),(103,45,92,3),(103,45,92,5),(103,48,92,3),(103,48,92,5),(103,117,92,5),(104,7,92,3),(104,7,92,5),(104,47,92,3),(104,47,92,5),(105,5,92,3),(105,5,92,5),(105,32,92,3),(105,32,92,5),(106,1,93,3),(106,1,112,3),(106,1,113,3),(106,1,114,3),(106,5,93,3),(106,5,112,3),(106,5,113,3),(106,5,114,3),(106,6,93,3),(106,6,112,3),(106,6,113,3),(106,6,114,3),(106,9,93,3),(106,9,112,3),(106,9,113,3),(106,9,114,3),(106,12,93,3),(106,12,112,3),(106,12,113,3),(106,12,114,3),(106,16,93,3),(106,16,112,3),(106,16,113,3),(106,16,114,3),(106,21,93,3),(106,21,112,3),(106,21,113,3),(106,21,114,3),(106,32,93,3),(106,32,112,3),(106,32,113,3),(106,32,114,3),(106,34,93,3),(106,34,112,3),(106,34,113,3),(106,34,114,3),(107,17,93,3),(107,17,93,5),(107,17,112,3),(107,17,113,3),(107,17,113,5),(107,17,114,3),(107,17,114,5),(107,43,93,3),(107,43,93,5),(107,43,112,3),(107,43,112,5),(107,43,113,3),(107,43,113,5),(107,43,114,3),(107,43,114,5),(108,19,93,3),(108,19,93,5),(108,19,112,3),(108,19,112,5),(108,19,113,3),(108,19,113,5),(108,19,114,3),(108,19,114,5),(108,23,93,3),(108,23,93,5),(108,23,112,3),(108,23,112,5),(108,23,113,3),(108,23,113,5),(108,23,114,3),(108,23,114,5),(108,48,93,3),(108,48,93,5),(108,48,112,3),(108,48,112,5),(108,48,113,3),(108,48,113,5),(108,48,114,3),(108,48,114,5),(109,2,93,3),(109,2,93,5),(109,2,112,3),(109,2,112,5),(109,2,113,3),(109,2,113,5),(109,2,114,3),(109,2,114,5),(109,8,93,3),(109,8,112,3),(109,8,113,3),(109,8,114,3),(109,10,93,3),(109,10,93,5),(109,10,112,3),(109,10,112,5),(109,10,113,3),(109,10,113,5),(109,10,114,3),(109,10,114,5),(109,22,93,3),(109,22,93,5),(109,22,112,3),(109,22,112,5),(109,22,113,3),(109,22,113,5),(109,22,114,3),(109,22,114,5),(109,30,93,3),(109,30,93,5),(109,30,112,3),(109,30,112,5),(109,30,113,3),(109,30,113,5),(109,30,114,3),(109,30,114,5),(109,31,93,3),(109,31,93,5),(109,31,112,3),(109,31,112,5),(109,31,113,3),(109,31,113,5),(109,31,114,3),(109,31,114,5),(109,35,93,3),(109,35,93,5),(109,35,112,3),(109,35,112,5),(109,35,113,3),(109,35,113,5),(109,35,114,3),(109,35,114,5),(109,38,93,3),(109,38,112,3),(109,38,113,3),(109,38,114,3),(109,42,93,3),(109,42,93,5),(109,42,112,3),(109,42,112,5),(109,42,113,3),(109,42,113,5),(109,42,114,3),(109,42,114,5),(109,44,93,3),(109,44,93,5),(109,44,112,3),(109,44,112,5),(109,44,113,3),(109,44,113,5),(109,44,114,3),(109,44,114,5),(109,129,93,5),(109,129,112,5),(109,129,113,5),(109,129,114,5),(110,4,93,5),(110,4,112,5),(110,4,113,5),(110,4,114,5),(110,15,93,3),(110,15,93,5),(110,15,112,3),(110,15,112,5),(110,15,113,3),(110,15,113,5),(110,15,114,3),(110,15,114,5),(110,26,93,3),(110,26,93,5),(110,26,112,3),(110,26,112,5),(110,26,113,3),(110,26,113,5),(110,26,114,3),(110,26,114,5),(110,27,93,3),(110,27,93,5),(110,27,112,3),(110,27,112,5),(110,27,113,3),(110,27,113,5),(110,27,114,3),(110,27,114,5),(110,29,93,5),(110,29,112,5),(110,29,113,5),(110,29,114,5),(110,40,93,3),(110,40,93,5),(110,40,112,3),(110,40,112,5),(110,40,113,3),(110,40,113,5),(110,40,114,3),(110,40,114,5),(110,46,93,3),(110,46,93,5),(110,46,112,3),(110,46,112,5),(110,46,113,3),(110,46,113,5),(110,46,114,3),(110,46,114,5),(110,115,93,5),(110,115,112,5),(110,115,113,5),(110,115,114,3),(110,115,114,5),(110,116,93,5),(110,116,112,5),(110,116,113,5),(110,116,114,3),(110,116,114,5),(110,119,93,5),(110,119,112,5),(110,119,113,5),(110,119,114,3),(110,119,114,5),(110,120,93,5),(110,120,112,5),(110,120,113,5),(110,120,114,3),(110,120,114,5),(111,20,93,3),(111,20,93,5),(111,20,112,3),(111,20,112,5),(111,20,113,3),(111,20,113,5),(111,20,114,3),(111,20,114,5),(111,45,93,3),(111,45,93,5),(111,45,112,3),(111,45,112,5),(111,45,113,3),(111,45,113,5),(111,45,114,3),(111,45,114,5),(112,3,93,3),(112,3,93,5),(112,3,112,3),(112,3,112,5),(112,3,113,3),(112,3,113,5),(112,3,114,3),(112,3,114,5),(112,25,93,3),(112,25,93,5),(112,25,112,3),(112,25,112,5),(112,25,113,3),(112,25,113,5),(112,25,114,3),(112,25,114,5),(112,39,93,3),(112,39,93,5),(112,39,112,3),(112,39,112,5),(112,39,113,3),(112,39,113,5),(112,39,114,3),(112,39,114,5),(112,117,93,5),(112,117,112,5),(112,117,113,5),(112,117,114,3),(112,117,114,5),(112,118,93,5),(112,118,112,5),(112,118,113,5),(112,118,114,3),(112,118,114,5),(113,11,93,3),(113,11,112,3),(113,11,113,3),(113,11,114,3),(113,33,93,3),(113,33,112,3),(113,33,113,3),(113,33,114,3),(114,7,93,3),(114,7,93,5),(114,7,112,3),(114,7,112,5),(114,7,113,3),(114,7,113,5),(114,7,114,3),(114,7,114,5),(114,47,93,3),(114,47,93,5),(114,47,112,3),(114,47,112,5),(114,47,113,3),(114,47,113,5),(114,47,114,3),(114,47,114,5),(115,13,93,3),(115,13,93,5),(115,13,112,3),(115,13,112,5),(115,13,113,3),(115,13,113,5),(115,13,114,3),(115,13,114,5),(115,14,93,3),(115,14,93,5),(115,14,112,3),(115,14,112,5),(115,14,113,3),(115,14,113,5),(115,14,114,3),(115,14,114,5),(115,18,93,3),(115,18,93,5),(115,18,112,3),(115,18,112,5),(115,18,113,3),(115,18,113,5),(115,18,114,3),(115,18,114,5),(115,24,93,3),(115,24,93,5),(115,24,112,3),(115,24,112,5),(115,24,113,3),(115,24,113,5),(115,24,114,3),(115,24,114,5),(115,28,93,3),(115,28,112,3),(115,28,113,3),(115,28,114,3),(115,36,93,3),(115,36,93,5),(115,36,112,3),(115,36,112,5),(115,36,113,3),(115,36,113,5),(115,36,114,3),(115,36,114,5),(115,37,93,3),(115,37,93,5),(115,37,112,3),(115,37,112,5),(115,37,113,3),(115,37,113,5),(115,37,114,3),(115,37,114,5),(115,41,93,3),(115,41,112,3),(115,41,113,3),(115,41,114,3),(115,128,93,5),(115,128,112,5),(115,128,113,5),(115,128,114,5),(116,1,94,3),(116,1,94,5),(116,4,94,5),(116,6,94,3),(116,6,94,5),(116,7,94,3),(116,8,94,3),(116,9,94,3),(116,9,94,5),(116,10,94,3),(116,10,94,5),(116,11,94,5),(116,12,94,3),(116,12,94,5),(116,13,94,3),(116,13,94,5),(116,14,94,3),(116,14,94,5),(116,15,94,3),(116,15,94,5),(116,18,94,3),(116,18,94,5),(116,21,94,5),(116,22,94,3),(116,22,94,5),(116,24,94,3),(116,24,94,5),(116,26,94,3),(116,26,94,5),(116,27,94,3),(116,27,94,5),(116,28,94,3),(116,29,94,5),(116,31,94,3),(116,31,94,5),(116,33,94,5),(116,34,94,3),(116,34,94,5),(116,35,94,3),(116,35,94,5),(116,36,94,3),(116,36,94,5),(116,37,94,3),(116,37,94,5),(116,38,94,3),(116,40,94,3),(116,40,94,5),(116,41,94,3),(116,42,94,3),(116,42,94,5),(116,44,94,3),(116,44,94,5),(116,46,94,3),(116,46,94,5),(116,47,94,3),(116,115,94,5),(116,116,94,5),(116,119,94,5),(116,120,94,5),(116,128,94,5),(116,129,94,5),(117,3,94,3),(117,3,94,5),(117,5,94,5),(117,16,94,3),(117,16,94,5),(117,17,94,3),(117,17,94,5),(117,20,94,3),(117,20,94,5),(117,25,94,3),(117,39,94,3),(117,39,94,5),(117,45,94,3),(117,45,94,5),(117,117,94,5),(117,118,94,5),(118,5,94,3),(118,11,94,3),(118,21,94,3),(118,32,94,3),(118,32,94,5),(118,33,94,3),(119,2,94,5),(119,19,94,3),(119,19,94,5),(119,23,94,3),(119,23,94,5),(119,25,94,5),(119,30,94,3),(119,30,94,5),(119,43,94,3),(119,43,94,5),(119,48,94,3),(119,48,94,5),(121,2,97,3),(121,2,97,5),(121,5,97,3),(121,6,97,3),(121,6,97,5),(121,8,97,3),(121,9,97,3),(121,9,97,5),(121,10,97,3),(121,10,97,5),(121,15,97,3),(121,19,97,3),(121,19,97,5),(121,22,97,3),(121,23,97,3),(121,23,97,5),(121,26,97,3),(121,27,97,3),(121,30,97,3),(121,30,97,5),(121,35,97,3),(121,35,97,5),(121,38,97,3),(121,40,97,3),(121,43,97,3),(121,43,97,5),(121,46,97,3),(121,48,97,3),(121,48,97,5),(121,129,97,5),(122,1,98,3),(122,1,98,5),(122,4,98,3),(122,4,98,5),(122,6,98,3),(122,7,98,5),(122,8,98,3),(122,9,98,3),(122,9,98,5),(122,10,98,3),(122,13,98,3),(122,15,98,3),(122,22,98,3),(122,24,98,3),(122,26,98,3),(122,26,98,5),(122,27,98,3),(122,27,98,5),(122,28,98,3),(122,29,98,3),(122,29,98,5),(122,30,98,3),(122,31,98,3),(122,35,98,3),(122,35,98,5),(122,36,98,3),(122,36,98,5),(122,37,98,3),(122,38,98,3),(122,40,98,3),(122,41,98,3),(122,42,98,3),(122,42,98,5),(122,44,98,3),(122,46,98,3),(122,46,98,5),(122,120,98,5),(122,128,98,5),(123,2,98,3),(123,3,98,3),(123,5,98,3),(123,5,98,5),(123,7,98,3),(123,11,98,3),(123,12,98,3),(123,14,98,3),(123,16,98,3),(123,16,98,5),(123,17,98,3),(123,18,98,3),(123,19,98,3),(123,20,98,3),(123,21,98,3),(123,23,98,3),(123,23,98,5),(123,25,98,3),(123,32,98,3),(123,32,98,5),(123,33,98,3),(123,33,98,5),(123,34,98,3),(123,34,98,5),(123,39,98,3),(123,39,98,5),(123,43,98,3),(123,43,98,5),(123,45,98,3),(123,47,98,3),(123,48,98,3),(124,2,99,5),(124,8,99,3),(124,10,99,3),(124,10,99,5),(124,13,99,3),(124,13,99,5),(124,15,99,3),(124,15,99,5),(124,22,99,3),(124,22,99,5),(124,24,99,3),(124,24,99,5),(124,28,99,3),(124,31,99,3),(124,31,99,5),(124,35,99,3),(124,35,99,5),(124,36,99,3),(124,36,99,5),(124,37,99,3),(124,37,99,5),(124,38,99,3),(124,41,99,3),(124,42,99,3),(124,42,99,5),(124,44,99,3),(124,44,99,5),(124,128,99,5),(124,129,99,5),(125,1,99,3),(125,5,99,3),(125,6,99,3),(125,9,99,3),(125,11,99,3),(125,12,99,3),(125,14,99,3),(125,18,99,3),(125,21,99,3),(125,26,99,3),(125,27,99,3),(125,30,99,3),(125,32,99,3),(125,33,99,3),(125,34,99,3),(125,40,99,3),(125,46,99,3),(126,3,99,3),(126,17,99,3),(126,20,99,3),(126,23,99,3),(126,25,99,3),(126,39,99,3),(126,43,99,3),(126,45,99,3),(127,19,99,3),(127,19,99,5),(127,48,99,3),(127,48,99,5),(128,7,99,3),(128,7,99,5),(128,47,99,3),(128,47,99,5),(129,1,96,3),(129,2,96,3),(129,3,96,3),(129,4,96,3),(129,5,96,3),(129,6,96,3),(129,7,96,3),(129,8,96,3),(129,9,96,3),(129,10,96,3),(129,11,96,3),(129,12,96,3),(129,13,96,3),(129,14,96,3),(129,15,96,3),(129,16,96,3),(129,17,96,3),(129,18,96,3),(129,19,96,3),(129,20,96,3),(129,21,96,3),(129,22,96,3),(129,23,96,3),(129,24,96,3),(129,25,96,3),(129,26,96,3),(129,27,96,3),(129,28,96,3),(129,29,96,3),(129,30,96,3),(129,31,96,3),(129,32,96,3),(129,33,96,3),(129,34,96,3),(129,35,96,3),(129,36,96,3),(129,37,96,3),(129,38,96,3),(129,39,96,3),(129,40,96,3),(129,41,96,3),(129,42,96,3),(129,43,96,3),(129,44,96,3),(129,45,96,3),(129,46,96,3),(129,47,96,3),(129,48,96,3),(132,3,97,3),(132,3,97,5),(132,5,97,5),(132,16,97,3),(132,16,97,5),(132,17,97,3),(132,17,97,5),(132,20,97,3),(132,20,97,5),(132,22,97,5),(132,25,97,3),(132,25,97,5),(132,39,97,3),(132,39,97,5),(132,45,97,3),(132,45,97,5),(132,117,97,5),(132,118,97,5),(133,1,97,3),(133,1,97,5),(133,4,97,5),(133,7,97,3),(133,7,97,5),(133,11,97,3),(133,11,97,5),(133,12,97,3),(133,12,97,5),(133,13,97,3),(133,14,97,3),(133,14,97,5),(133,15,97,5),(133,18,97,3),(133,18,97,5),(133,21,97,3),(133,24,97,3),(133,26,97,5),(133,27,97,5),(133,28,97,3),(133,29,97,5),(133,31,97,3),(133,33,97,3),(133,33,97,5),(133,34,97,3),(133,34,97,5),(133,36,97,3),(133,37,97,3),(133,37,97,5),(133,40,97,5),(133,41,97,3),(133,42,97,3),(133,44,97,3),(133,46,97,5),(133,47,97,3),(133,47,97,5),(133,115,97,5),(133,116,97,5),(133,119,97,5),(133,120,97,5),(133,128,97,5),(134,32,97,3),(134,32,97,5),(223,3,83,3),(223,3,83,5),(223,5,83,3),(223,5,83,5),(223,16,83,3),(223,16,83,5),(223,17,83,3),(223,17,83,5),(223,19,83,3),(223,19,83,5),(223,20,83,3),(223,20,83,5),(223,23,83,5),(223,25,83,5),(223,30,83,5),(223,32,83,3),(223,32,83,5),(223,39,83,3),(223,39,83,5),(223,43,83,3),(223,43,83,5),(223,45,83,3),(223,45,83,5),(223,48,83,3),(223,48,83,5),(223,117,83,3),(223,117,83,5),(223,118,83,3),(223,118,83,5),(285,5,51,4),(285,16,51,4),(285,17,51,4),(285,19,51,4),(285,20,51,4),(285,25,51,4),(285,43,51,4),(285,45,51,4),(285,48,51,4),(286,3,52,4),(286,5,52,4),(286,16,52,4),(286,17,52,4),(286,19,52,4),(286,20,52,4),(286,23,52,4),(286,25,52,4),(286,32,52,4),(286,39,52,4),(286,43,52,4),(286,45,52,4),(286,48,52,4),(286,117,52,4),(286,118,52,4),(287,12,52,4),(287,14,52,4),(287,18,52,4),(287,21,52,4),(287,33,52,4),(287,34,52,4),(288,3,121,4),(288,5,53,4),(288,12,121,4),(288,16,121,4),(288,17,121,4),(288,19,121,4),(288,20,121,4),(288,23,121,4),(288,25,121,4),(288,32,53,4),(288,39,121,4),(288,43,121,4),(288,45,121,4),(288,48,121,4),(288,117,121,4),(288,118,121,4),(289,1,53,4),(289,7,53,4),(289,9,53,4),(289,12,53,4),(289,17,53,4),(289,18,53,4),(289,19,53,4),(289,20,53,4),(289,23,53,4),(289,25,53,4),(289,26,53,4),(289,30,53,4),(289,39,53,4),(289,43,53,4),(289,45,53,4),(289,48,53,4),(289,115,53,4),(289,116,53,4),(289,117,53,4),(289,118,53,4),(290,1,54,4),(290,1,126,4),(290,2,54,4),(290,2,126,4),(290,3,54,4),(290,3,126,4),(290,4,54,4),(290,4,126,4),(290,5,54,4),(290,5,126,4),(290,6,54,4),(290,6,126,4),(290,7,54,4),(290,7,126,4),(290,8,54,4),(290,8,126,4),(290,9,54,4),(290,9,126,4),(290,10,54,4),(290,10,126,4),(290,11,54,4),(290,11,126,4),(290,12,54,4),(290,12,126,4),(290,13,54,4),(290,13,126,4),(290,14,54,4),(290,14,126,4),(290,15,54,4),(290,15,126,4),(290,16,54,4),(290,16,126,4),(290,17,54,4),(290,17,126,4),(290,18,54,4),(290,18,126,4),(290,19,54,4),(290,19,126,4),(290,20,54,4),(290,20,126,4),(290,21,54,4),(290,21,126,4),(290,22,54,4),(290,22,126,4),(290,23,54,4),(290,23,126,4),(290,24,54,4),(290,24,126,4),(290,25,54,4),(290,25,126,4),(290,26,54,4),(290,26,126,4),(290,27,54,4),(290,27,126,4),(290,28,54,4),(290,28,126,4),(290,29,54,4),(290,29,126,4),(290,30,54,4),(290,30,126,4),(290,31,54,4),(290,31,126,4),(290,32,54,4),(290,32,126,4),(290,33,54,4),(290,33,126,4),(290,34,54,4),(290,34,126,4),(290,35,54,4),(290,35,126,4),(290,36,54,4),(290,36,126,4),(290,37,54,4),(290,37,126,4),(290,38,54,4),(290,38,126,4),(290,39,54,4),(290,39,126,4),(290,40,54,4),(290,40,126,4),(290,41,54,4),(290,41,126,4),(290,42,54,4),(290,42,126,4),(290,43,54,4),(290,43,126,4),(290,44,54,4),(290,44,126,4),(290,45,54,4),(290,45,126,4),(290,46,54,4),(290,46,126,4),(290,47,54,4),(290,47,126,4),(290,48,54,4),(290,48,126,4),(290,115,54,4),(290,115,126,4),(290,116,54,4),(290,116,126,4),(290,117,54,4),(290,117,126,4),(290,118,54,4),(290,118,126,4),(290,119,54,4),(290,119,126,4),(290,120,54,4),(290,120,126,4),(291,1,61,4),(291,2,61,4),(291,3,61,4),(291,5,61,4),(291,6,61,4),(291,7,61,4),(291,8,61,4),(291,9,61,4),(291,10,61,4),(291,11,61,4),(291,12,61,4),(291,13,61,4),(291,14,61,4),(291,15,61,4),(291,16,61,4),(291,17,61,4),(291,18,61,4),(291,19,61,4),(291,20,61,4),(291,21,61,4),(291,22,61,4),(291,23,61,4),(291,24,61,4),(291,25,61,4),(291,26,61,4),(291,27,61,4),(291,28,61,4),(291,29,61,4),(291,30,61,4),(291,31,61,4),(291,32,61,4),(291,33,61,4),(291,34,61,4),(291,35,61,4),(291,36,61,4),(291,37,61,4),(291,38,61,4),(291,39,61,4),(291,40,61,4),(291,41,61,4),(291,42,61,4),(291,43,61,4),(291,45,61,4),(291,46,61,4),(291,47,61,4),(291,48,61,4),(292,1,67,4),(292,2,67,4),(292,3,67,4),(292,4,67,4),(292,5,67,4),(292,6,67,4),(292,7,67,4),(292,8,67,4),(292,9,67,4),(292,10,67,4),(292,11,67,4),(292,12,67,4),(292,13,67,4),(292,14,67,4),(292,15,67,4),(292,16,67,4),(292,17,67,4),(292,18,67,4),(292,19,67,4),(292,20,67,4),(292,21,67,4),(292,22,67,4),(292,23,67,4),(292,24,67,4),(292,25,67,4),(292,26,67,4),(292,27,67,4),(292,28,67,4),(292,30,67,4),(292,31,67,4),(292,32,67,4),(292,33,67,4),(292,34,67,4),(292,35,67,4),(292,36,67,4),(292,37,67,4),(292,38,67,4),(292,39,67,4),(292,40,67,4),(292,42,67,4),(292,43,67,4),(292,44,67,4),(292,45,67,4),(292,46,67,4),(292,47,67,4),(292,48,67,4),(292,115,67,4),(292,116,67,4),(292,117,67,4),(292,118,67,4),(292,119,67,4),(292,120,67,4),(293,3,77,4),(293,5,77,4),(293,16,77,4),(293,17,77,4),(293,19,77,4),(293,20,77,4),(293,23,77,4),(293,25,77,4),(293,32,77,4),(293,45,77,4),(293,48,77,4),(294,1,121,4),(294,2,121,4),(294,4,121,4),(294,5,121,4),(294,6,121,4),(294,7,121,4),(294,8,121,4),(294,9,121,4),(294,10,121,4),(294,11,121,4),(294,13,121,4),(294,14,121,4),(294,15,121,4),(294,18,121,4),(294,21,121,4),(294,22,121,4),(294,24,121,4),(294,26,121,4),(294,27,121,4),(294,28,121,4),(294,29,121,4),(294,30,121,4),(294,31,121,4),(294,32,121,4),(294,33,121,4),(294,34,121,4),(294,35,121,4),(294,36,121,4),(294,37,121,4),(294,38,121,4),(294,40,121,4),(294,44,121,4),(294,46,121,4),(294,47,121,4),(294,115,121,4),(294,116,121,4),(294,119,121,4),(294,120,121,4),(295,1,122,4),(295,2,122,4),(295,3,122,4),(295,4,122,4),(295,5,122,4),(295,6,122,4),(295,7,122,4),(295,8,122,4),(295,9,122,4),(295,10,122,4),(295,11,122,4),(295,12,122,4),(295,13,122,4),(295,14,122,4),(295,15,122,4),(295,16,122,4),(295,17,122,4),(295,18,122,4),(295,19,122,4),(295,20,122,4),(295,21,122,4),(295,22,122,4),(295,23,122,4),(295,24,122,4),(295,25,122,4),(295,26,122,4),(295,27,122,4),(295,28,122,4),(295,29,122,4),(295,30,122,4),(295,31,122,4),(295,32,122,4),(295,33,122,4),(295,34,122,4),(295,35,122,4),(295,36,122,4),(295,37,122,4),(295,38,122,4),(295,39,122,4),(295,40,122,4),(295,41,122,4),(295,42,122,4),(295,43,122,4),(295,44,122,4),(295,45,122,4),(295,46,122,4),(295,47,122,4),(295,48,122,4),(295,115,122,4),(295,116,122,4),(295,117,122,4),(295,118,122,4),(295,119,122,4),(295,120,122,4),(296,1,122,4),(296,2,122,4),(296,3,122,4),(296,4,122,4),(296,5,122,4),(296,6,122,4),(296,7,122,4),(296,8,122,4),(296,9,122,4),(296,10,122,4),(296,11,122,4),(296,12,122,4),(296,13,122,4),(296,14,122,4),(296,15,122,4),(296,16,122,4),(296,17,122,4),(296,18,122,4),(296,19,122,4),(296,20,122,4),(296,21,122,4),(296,22,122,4),(296,23,122,4),(296,24,122,4),(296,25,122,4),(296,26,122,4),(296,27,122,4),(296,28,122,4),(296,29,122,4),(296,30,122,4),(296,31,122,4),(296,32,122,4),(296,33,122,4),(296,34,122,4),(296,35,122,4),(296,36,122,4),(296,37,122,4),(296,38,122,4),(296,39,122,4),(296,40,122,4),(296,41,122,4),(296,42,122,4),(296,43,122,4),(296,44,122,4),(296,45,122,4),(296,46,122,4),(296,47,122,4),(296,48,122,4),(296,115,122,4),(296,116,122,4),(296,117,122,4),(296,118,122,4),(296,119,122,4),(296,120,122,4),(297,1,125,4),(297,2,125,4),(297,3,125,4),(297,4,125,4),(297,5,125,4),(297,6,125,4),(297,7,125,4),(297,8,125,4),(297,9,125,4),(297,10,125,4),(297,11,125,4),(297,12,125,4),(297,13,125,4),(297,14,125,4),(297,15,125,4),(297,16,125,4),(297,17,125,4),(297,18,125,4),(297,19,125,4),(297,20,125,4),(297,21,125,4),(297,22,125,4),(297,23,125,4),(297,24,125,4),(297,25,125,4),(297,26,125,4),(297,27,125,4),(297,28,125,4),(297,29,125,4),(297,30,125,4),(297,31,125,4),(297,32,125,4),(297,33,125,4),(297,34,125,4),(297,35,125,4),(297,36,125,4),(297,37,125,4),(297,38,125,4),(297,39,125,4),(297,40,125,4),(297,41,125,4),(297,42,125,4),(297,43,125,4),(297,44,125,4),(297,45,125,4),(297,46,125,4),(297,47,125,4),(297,48,125,4),(297,115,125,4),(297,116,125,4),(297,117,125,4),(297,118,125,4),(297,119,125,4),(297,120,125,4),(315,23,99,5),(319,17,80,5),(319,45,80,5),(320,32,80,5),(321,1,89,5),(321,2,89,5),(321,3,89,5),(321,4,89,5),(321,5,89,5),(321,6,89,5),(321,9,89,5),(321,10,89,5),(321,11,89,5),(321,14,89,5),(321,15,89,5),(321,16,89,5),(321,17,89,5),(321,18,89,5),(321,19,89,5),(321,20,89,5),(321,22,89,5),(321,23,89,5),(321,25,89,5),(321,26,89,5),(321,27,89,5),(321,29,89,5),(321,30,89,5),(321,31,89,5),(321,32,89,5),(321,33,89,5),(321,34,89,5),(321,35,89,5),(321,39,89,5),(321,40,89,5),(321,42,89,5),(321,43,89,5),(321,45,89,5),(321,46,89,5),(321,48,89,5),(321,115,89,5),(321,116,89,5),(321,117,89,5),(321,118,89,5),(321,119,89,5),(321,120,89,5),(321,129,89,5),(322,1,91,5),(322,4,91,5),(322,17,91,5),(322,19,91,5),(322,27,91,5),(322,29,91,5),(322,35,91,5),(322,40,91,5),(322,46,91,5),(322,48,91,5),(322,119,91,5),(322,120,91,5),(323,11,93,5),(323,11,112,5),(323,11,113,5),(323,11,114,5),(323,33,93,5),(323,33,112,5),(323,33,113,5),(323,33,114,5),(324,1,93,5),(324,1,112,5),(324,1,113,5),(324,1,114,5),(324,5,93,5),(324,5,112,5),(324,5,113,5),(324,5,114,5),(324,6,93,5),(324,6,112,5),(324,6,113,5),(324,6,114,5),(324,9,93,5),(324,9,112,5),(324,9,113,5),(324,9,114,5),(324,12,93,5),(324,12,112,5),(324,12,113,5),(324,12,114,5),(324,16,93,5),(324,16,112,5),(324,16,113,5),(324,16,114,5),(324,21,93,5),(324,21,112,5),(324,21,113,5),(324,21,114,5),(324,32,93,5),(324,32,112,5),(324,32,113,5),(324,32,114,5),(324,34,93,5),(324,34,112,5),(324,34,113,5),(324,34,114,5),(325,7,94,5),(325,47,94,5),(326,7,95,5),(326,13,95,5),(326,24,95,5),(326,31,95,5),(326,36,95,5),(326,37,95,5),(326,42,95,5),(326,44,95,5),(326,47,95,5),(326,128,95,5),(327,13,97,5),(327,24,97,5),(327,31,97,5),(327,36,97,5),(327,42,97,5),(327,44,97,5),(328,1,99,5),(328,4,99,5),(328,5,99,5),(328,6,99,5),(328,9,99,5),(328,11,99,5),(328,14,99,5),(328,18,99,5),(328,26,99,5),(328,27,99,5),(328,29,99,5),(328,30,99,5),(328,33,99,5),(328,34,99,5),(328,40,99,5),(328,46,99,5),(328,115,99,5),(328,116,99,5),(328,119,99,5),(328,120,99,5),(329,3,99,5),(329,16,99,5),(329,17,99,5),(329,20,99,5),(329,25,99,5),(329,32,99,5),(329,39,99,5),(329,43,99,5),(329,45,99,5),(329,117,99,5),(329,118,99,5),(330,1,131,5),(330,2,131,5),(330,3,131,5),(330,4,131,5),(330,5,131,5),(330,7,131,5),(330,9,131,5),(330,10,131,5),(330,11,131,5),(330,12,131,5),(330,13,131,5),(330,14,131,5),(330,15,131,5),(330,16,131,5),(330,17,131,5),(330,18,131,5),(330,19,131,5),(330,20,131,5),(330,21,131,5),(330,22,131,5),(330,24,131,5),(330,25,131,5),(330,26,131,5),(330,27,131,5),(330,29,131,5),(330,30,131,5),(330,31,131,5),(330,32,131,5),(330,33,131,5),(330,34,131,5),(330,35,131,5),(330,36,131,5),(330,37,131,5),(330,39,131,5),(330,40,131,5),(330,43,131,5),(330,44,131,5),(330,45,131,5),(330,46,131,5),(330,47,131,5),(330,48,131,5),(330,117,131,5),(330,118,131,5),(330,128,131,5),(330,129,131,5);
/*!40000 ALTER TABLE `assignment_sp_store` ENABLE KEYS */;
UNLOCK TABLES;
COMMIT;

--
-- Table structure for table `department`
--

/*!40101 SET @saved_cs_client     = @@character_set_client */;
/*!40101 SET character_set_client = utf8 */;
CREATE TABLE `department` (
  `id_department` int(11) unsigned NOT NULL COMMENT 'PK',
  `name_department` varchar(255) NOT NULL COMMENT 'Nom',
  PRIMARY KEY (`id_department`)
) ENGINE=InnoDB DEFAULT CHARSET=utf8;
/*!40101 SET character_set_client = @saved_cs_client */;

--
-- Dumping data for table `department`
--

LOCK TABLES `department` WRITE;
/*!40000 ALTER TABLE `department` DISABLE KEYS */;
SET autocommit=0;
INSERT INTO `department` VALUES (1,'AIN'),(2,'AISNE'),(3,'ALLIER'),(4,'ALPES-DE-HAUTE-PROVENCE'),(5,'HAUTES-ALPES'),(6,'ALPES-MARITIMES'),(7,'ARDÈCHE'),(8,'ARDENNES'),(9,'ARIÈGE'),(10,'AUBE'),(11,'AUDE'),(12,'AVEYRON'),(13,'BOUCHES-DU-RHÔNE'),(14,'CALVADOS'),(15,'CANTAL'),(16,'CHARENTE'),(17,'CHARENTE-MARITIME'),(18,'CHER'),(19,'CORRÈZE'),(20,'CORSE'),(21,'CÔTE-D\'OR'),(22,'CÔTES-D\'ARMOR'),(23,'CREUSE'),(24,'DORDOGNE'),(25,'DOUBS'),(26,'DRÔME'),(27,'EURE'),(28,'EURE-ET-LOIR'),(29,'FINISTÈRE'),(30,'GARD'),(31,'HAUTE-GARONNE'),(32,'GERS'),(33,'GIRONDE'),(34,'HÉRAULT'),(35,'ILE-ET-VILAINE'),(36,'INDRE'),(37,'INDRE-ET-LOIRE'),(38,'ISÈRE'),(39,'JURA'),(40,'LANDES'),(41,'LOIR-ET-CHER'),(42,'LOIRE'),(43,'HAUTE-LOIRE'),(44,'LOIRE-ATLANTIQUE'),(45,'LOIRET'),(46,'LOT'),(47,'LOT-ET-GARONNE'),(48,'LOZÈRE'),(49,'MAINE-ET-LOIRE'),(50,'MANCHE'),(51,'MARNE'),(52,'HAUTE-MARNE'),(53,'MAYENNE'),(54,'MEURTHE-ET-MOSELLE'),(55,'MEUSE'),(56,'MORBIHAN'),(57,'MOSELLE'),(58,'NIÈVRE'),(59,'NORD'),(60,'OISE'),(61,'ORNE'),(62,'PAS-DE-CALAIS'),(63,'PUY-DE-DÔME'),(64,'PYRÉNÉES-ATLANTIQUES'),(65,'HAUTES-PYRÉNÉES'),(66,'PYRÉNÉES-ORIENTALES'),(67,'BAS-RHIN'),(68,'HAUT-RHIN'),(69,'RHÔNE'),(70,'HAUTE-SAÔNE'),(71,'SAÔNE-ET-LOIRE'),(72,'SARTHE'),(73,'SAVOIE'),(74,'HAUTE-SAVOIE'),(75,'PARIS'),(76,'SEINE-MARITIME'),(77,'SEINE-ET-MARNE'),(78,'YVELINES'),(79,'DEUX-SÈVRES'),(80,'SOMME'),(81,'TARN'),(82,'TARN-ET-GARONNE'),(83,'VAR'),(84,'VAUCLUSE'),(85,'VENDÉE'),(86,'VIENNE'),(87,'HAUTE-VIENNE'),(88,'VOSGES'),(89,'YONNE'),(90,'TERRITOIRE DE BELFORT'),(91,'ESSONNE'),(92,'HAUTS-DE-SEINE'),(93,'SEINE-SAINT-DENIS'),(94,'VAL-DE-MARNE'),(95,'VAL-D\'OISE'),(99,'NC'),(971,'GUADELOUPE'),(972,'MARTINIQUE'),(973,'GUYANE'),(974,'RÉUNION'),(976,'MAYOTTE');
/*!40000 ALTER TABLE `department` ENABLE KEYS */;
UNLOCK TABLES;
COMMIT;

--
-- Table structure for table `enterprise`
--

/*!40101 SET @saved_cs_client     = @@character_set_client */;
/*!40101 SET character_set_client = utf8 */;
CREATE TABLE `enterprise` (
  `id_enterprise` int(11) unsigned NOT NULL AUTO_INCREMENT COMMENT 'PK',
  `name_enterprise` varchar(50) NOT NULL COMMENT 'Nom de famille',
  `password_enterprise` binary(20) DEFAULT NULL COMMENT 'Mot de passe binaire',
  `panel_enterprise` char(5) DEFAULT NULL COMMENT 'Code panonceau',
  `postal_address` varchar(200) DEFAULT NULL,
  `postal_code` varchar(5) DEFAULT NULL,
  `city` varchar(100) DEFAULT NULL,
  `vat` varchar(30) DEFAULT NULL,
  `TYPEOF_PROVIDER_id_typeof_provider` int(11) unsigned DEFAULT NULL COMMENT 'FK',
  `PROFILE_id_profile` int(11) unsigned NOT NULL COMMENT 'FK',
  `DEPARTMENT_id_department` int(11) unsigned NOT NULL COMMENT 'FK',
  `date_deletion_enterprise` datetime DEFAULT NULL COMMENT 'AAAA-MM-JJ HH:MM:SS',
  PRIMARY KEY (`id_enterprise`),
  UNIQUE KEY `ux_name_ent_typeof_pr` (`name_enterprise`,`TYPEOF_PROVIDER_id_typeof_provider`),
  KEY `ix_enterprise_PROFILE_id_profile` (`PROFILE_id_profile`),
  KEY `ix_enterprise_DEPARTMENT_id_department` (`DEPARTMENT_id_department`),
  KEY `ix_ent_typeof_pr` (`TYPEOF_PROVIDER_id_typeof_provider`),
  CONSTRAINT `fk_enterprise_department` FOREIGN KEY (`DEPARTMENT_id_department`) REFERENCES `department` (`id_department`),
  CONSTRAINT `fk_enterprise_profile` FOREIGN KEY (`PROFILE_id_profile`) REFERENCES `profile` (`id_profile`),
  CONSTRAINT `fk_ent_typeof_pr` FOREIGN KEY (`TYPEOF_PROVIDER_id_typeof_provider`) REFERENCES `typeof_provider` (`id_typeof_provider`)
) ENGINE=InnoDB AUTO_INCREMENT=132 DEFAULT CHARSET=utf8;
/*!40101 SET character_set_client = @saved_cs_client */;

--
-- Dumping data for table `enterprise`
--

LOCK TABLES `enterprise` WRITE;
/*!40000 ALTER TABLE `enterprise` DISABLE KEYS */;
SET autocommit=0;
INSERT INTO `enterprise` VALUES (1,'ANCENIS',0xDE958C9231FF293474EF9DDF34FFC66F6F3F8135,'15.44',NULL,NULL,NULL,NULL,NULL,2,44,NULL),(2,'ANTHALDIS',0x0833499C7EAA7B8A36D5822DE215E347E1B84313,'39.44',NULL,NULL,NULL,NULL,NULL,2,44,NULL),(3,'ANTHIGO',0xF1362373DB5517B3B4AAE0105353B0C83AD72B7E,'19.35',NULL,NULL,NULL,NULL,NULL,2,35,NULL),(4,'ATLANTIS',0x9D7412B85AE7956E7FA8C0FB951C8B8DEF173071,'22.44',NULL,NULL,NULL,NULL,NULL,2,44,NULL),(5,'AZEDIS',0x559FA1908C66E272D0629DD60885945A1C53C3CE,'04.53',NULL,NULL,NULL,NULL,NULL,2,53,NULL),(6,'BLAINDIS',0xBC14293967CB53C122D40AA018E227A1DB646DBF,'38.44',NULL,NULL,NULL,NULL,NULL,2,44,NULL),(7,'BOCAGE',0x7E41E4774A676612100F0A34F46CB45B4F262DA1,'09.79',NULL,NULL,NULL,NULL,NULL,2,14,NULL),(8,'BREVIDIS',0x6005D5BF21B65AEF5D40929040AC8E2D1C43C3C1,'26.44',NULL,NULL,NULL,NULL,NULL,2,44,'2018-08-09 15:20:54'),(9,'BRIANDIS',0x34D117650600B2A76A5B7CA99521277881BD0BF3,'32.44',NULL,NULL,NULL,NULL,NULL,2,44,NULL),(10,'BRIERE',0xD123E3F277D75318D5439D2CBAE10AD6815E7817,'30.44',NULL,NULL,NULL,NULL,NULL,2,44,NULL),(11,'BRISSAC',0x338E4CFAC90847C94A3444E85AA4018341D5C054,'14.49',NULL,NULL,NULL,NULL,NULL,2,49,NULL),(12,'CDA49',0x3C0803E994B0D867FD5808B0138E5E9F2593A69A,'15.49',NULL,NULL,NULL,NULL,NULL,2,49,NULL),(13,'CHANTONNAY',0x2A1A70C7A99C82C08C8AACAC6559EE28330656E8,'20.85',NULL,NULL,NULL,NULL,NULL,2,85,NULL),(14,'CHEMILLE',0xFA1FFD5EAECBE686444D13945521033BFA9E8CE7,'13.49',NULL,NULL,NULL,NULL,NULL,2,49,NULL),(15,'CLISSON',0x578718F20BB6715733B87AF6C34E354404C697D6,'29.44',NULL,NULL,NULL,NULL,NULL,2,44,NULL),(16,'DACAR',0x3669B33CA2E49B74B36D610E041832986CD32668,'20.35',NULL,NULL,NULL,NULL,NULL,2,35,NULL),(17,'DINANDIS',0xC05D63BA3A277904EEA33502C74B4A24614B1636,'11.22',NULL,NULL,NULL,NULL,NULL,2,22,NULL),(18,'DYNALEC',0xD0A143106BB520AD7155CCB7721FECFA9E293D50,'11.49',NULL,NULL,NULL,NULL,NULL,2,49,NULL),(19,'ELAUDIS',0xAFA429E62E17187352B4D060F635117701575835,'17.56',NULL,NULL,NULL,NULL,NULL,2,56,NULL),(20,'FOUGERES',0xDE63D6B94F23568EBF6C9710C10C668769FBD108,'09.35',NULL,NULL,NULL,NULL,NULL,2,35,NULL),(21,'GOURONNIERES',0x6CE100D5BBE01B7E648A437D9994A6C6F15A3608,'10.49',NULL,NULL,NULL,NULL,NULL,2,49,NULL),(22,'GUERANDIS',0xFA8BC27952A0FE43F971B51C0EBA3AC06FBDEF16,'35.44',NULL,NULL,NULL,NULL,NULL,2,44,NULL),(23,'JOSSELIN',0x7744A5DEC319D083FA3F0365E6553A5064B4C707,'99.99',NULL,NULL,NULL,NULL,NULL,2,56,NULL),(24,'HERBIDIS',0xB011046968440EFD749FE12BFD766DEEBE36EBC6,'15.85',NULL,NULL,NULL,NULL,NULL,2,85,NULL),(25,'KERMELEUC',0xEC56474721E282F4C2BB57B593AA254D675CB5A8,'17.35',NULL,NULL,NULL,NULL,NULL,2,35,NULL),(26,'LAURY-CHALONGES 1 - Damien',0x2EB63831ECE9B1EF1D5973B9F165DA3D964EEB0D,'36.44',NULL,NULL,NULL,NULL,NULL,2,44,NULL),(27,'NANTES-NORD',0x0DC4CF0EEF76892D73233C9145C1C060838239E5,'27.44',NULL,NULL,NULL,NULL,NULL,2,44,NULL),(28,'OUDAIRIDIS',0x7B924D073819932C0272EA1F0A1D75D287DDAAF5,'18.85',NULL,NULL,NULL,NULL,NULL,2,85,'2018-08-09 15:19:48'),(29,'PARIDIS',0xD798D3F181B1924696F65BA1DFD933022A48E967,'23.44',NULL,NULL,NULL,NULL,NULL,2,44,NULL),(30,'PAYS-DE-REDON',0xF341195214BF28A94852EB8B6094154357200EAD,'31.44',NULL,NULL,NULL,NULL,NULL,2,44,NULL),(31,'PSV',0x23F5A34511A99C521984DA3F30E8C0652D226086,'21.85',NULL,NULL,NULL,NULL,NULL,2,85,NULL),(32,'SABLE',0x7605EC809F9D12A07A8198DECFD35F6A8F4A7914,'05.72',NULL,NULL,NULL,NULL,NULL,2,72,NULL),(33,'SAUMUR',0x01862217F1EE22A1897B7B289D02FFB1F203828A,'09.49',NULL,NULL,NULL,NULL,NULL,2,49,NULL),(34,'SEGRE',0xB5C07F33B0D19760278381B82820A2CA838AEEFB,'08.49',NULL,NULL,NULL,NULL,NULL,2,49,NULL),(35,'SODIJOUR',0x9202A55F0DF8D601CEE701FE2A396B9287035195,'28.44',NULL,NULL,NULL,NULL,NULL,2,44,NULL),(36,'SODILONNE',0x892651EB17D7F015A8B52F04D757117525BB86E1,'19.85',NULL,NULL,NULL,NULL,NULL,2,85,NULL),(37,'SODINOVE',0xD6415B691BFF4CC6B3EF67BF0E88F1BBA88ADC15,'11.85',NULL,NULL,NULL,NULL,NULL,2,85,NULL),(38,'SODIPOR',0x851FCD4EF83A8FDC57BEA2D7EAE7C23390BB3C50,'34.44',NULL,NULL,NULL,NULL,NULL,2,44,'2018-08-09 15:20:54'),(39,'SODIRENNES 1 - Armelle',0xA70ED692D69DFED1EC831BFC28402E225911A5FC,'16.35',NULL,NULL,NULL,NULL,NULL,2,35,NULL),(40,'SODIRETZ 1 - Nathalie',0xC9F53AB65393EC2E6D1216B44320EF0F8F73F794,'12.44',NULL,NULL,NULL,NULL,NULL,2,44,NULL),(41,'SODIROCHE',0x205FE0A4133F14596CC5F7C2E410C04D7AE7B51B,'14.85',NULL,NULL,NULL,NULL,NULL,2,85,'2018-08-09 15:19:48'),(42,'SODIVARDIERE',0xB625F6BD345286D7D4B9FA0AD2D42DA2CCD3E1C3,'13.85',NULL,NULL,NULL,NULL,NULL,2,85,NULL),(43,'SOLACDIS',0xCA7C64CEC5EB36BC1A9D0DF65BE9C286CC1DDEBD,'21.56',NULL,NULL,NULL,NULL,NULL,2,56,NULL),(44,'ST-GILLES',0x634B3DA4B286DECD44D7070054177E40BE871946,'17.85',NULL,NULL,NULL,NULL,NULL,2,85,NULL),(45,'ST-MALO',0xF2C4C1476D7DD285CD9FB50CC6ADA0CD491269D4,'13.35',NULL,NULL,NULL,NULL,NULL,2,35,NULL),(46,'SUD-LOIRE',0xA0C9B4ABE53B21EC7B0EA1C6D41B1168E20405D6,'24.44',NULL,NULL,NULL,NULL,NULL,2,44,NULL),(47,'THOUARS',0x25E2F9A346F2F6818FC71F7AAC103569C0D62558,'04.79',NULL,NULL,NULL,NULL,NULL,2,79,NULL),(48,'VADIS',0xD0A93B6183FE20874DA3EDC9E2A2EC389D548DCB,'15.56',NULL,NULL,NULL,NULL,NULL,2,56,NULL),(49,'__ADMINISTRATEUR__',0xA3C09AEC3EEF88D24F43495899BDB2BA4092C538,'00.00',NULL,NULL,NULL,NULL,NULL,3,44,NULL),(50,'SCA OUEST',0x196EA35CF59345C4A1D3BA7CEDD2177D1726893B,'00.00',NULL,NULL,NULL,NULL,NULL,4,44,NULL),(51,'ABACA',0xFB8831E9723CBA1F39706BFC6B25B4CCD68E1DD3,'00.00','9 RUE AMERIGO VESPUCCI','85300','CHALLANS','FR30 389 292 822',2,1,99,NULL),(52,'ACTUELLE',0x95C744C44081A355316F2A018C79BAF1ADB4A801,'00.00','111 AVENUE DE SOULAC','33320','LE TAILLAC','FR62 493 447 585',2,1,99,NULL),(53,'BLISSED',0xDB08DA31BDD86E444C076FCEC0679A2E0BE63BB7,'00.00','52 RUE SAINTE VICTOIRE','13006','MARSEILLE','FR96 434 064 358',2,1,99,NULL),(54,'COLINE KEAWA',0xA737CB13C70FE4E5E4A5468B90F6D861939E4842,'00.00','ZA LA SAUBOLE','47200','FOURQUES SUR GARONNE','FR17 342 450 483',2,1,99,NULL),(55,'FRANCE DENIM RMS 26',0xCF9903CA49E036F7CC01A8EAA856675D2012AF4A,'00.00','34 RUE CHARLES TELLIER','13014','MARSEILLE','FR36 447 518 432',2,1,99,NULL),(56,'KIDILIZ ABSORBA - ALPHABET',0xDDF9897F99DA559911FAE6A4BB5AADDF94BCF8E7,'00.00','18 RUE EMILE COUÉ','10000','TROYES','FR66 341 059 293',2,1,99,NULL),(57,'ID\'EST CDH',0xD3514ECEBAF85307BF37B32A22728597975A86DA,'00.00','10 RUE THÉRON MONTAUGÉ','31200','TOULOUSE','FR52 384 594 990',2,1,99,NULL),(58,'LC DISTRIBUTION',0x6532AC0F5716770FC09014B1EFC67599D31A96D8,'00.00',NULL,NULL,NULL,NULL,2,1,99,NULL),(59,'MAILLE DISTRIBUTION',0x7F96F001D7CB05F338803408EF74FA557FA6B6D3,'00.00','...','...','...','...',2,1,99,NULL),(60,'MYTHEX',0x4A3C60055800CDBBCF69CD9E503F6D3955ACD54E,'00.00','16/18 RUE RAYMOND BROSSE','93430','VILLETANEUSE','FR88 501 499 693',2,1,99,NULL),(61,'NORPROTEX',0x109E075A45DDB8C23A8A334DB0433450B446B1F4,'00.00','675 CHEMIN DU PERIGORD','84130','LE PONTET','FR95 552 620 700',2,1,99,NULL),(62,'PICCO BELLO',0xB55A31B54C033930F24FD195D1CA62F59AA0A0D6,'00.00','...',NULL,NULL,NULL,2,1,99,NULL),(63,'RITCHIE',0xE3A873A9678D44E47A07C33D4DBA0008738FB5F3,'00.00','...',NULL,NULL,NULL,2,1,99,NULL),(64,'SALMON',0x2FF7DD3B6E343DA7EE18094DEA7562A1966F9F6C,'00.00','49 RUE DE VENDÉE','49450','VILLEDIEU LA BLOUERE','FR32 349 773 697',2,1,99,NULL),(65,'STOOKER',0x7134EA0ADDAC774407F42CEB33928C6E9CF84166,'00.00','BOSCHSTRASSE11','D2885','SYKE - ALLEMAGNE','DE11 663 7693',2,1,99,NULL),(66,'TERRE DE MARINS',0xCA9A4833E1A184484F64C564AA731F2FB690091F,'00.00','RUE EDOUARD BRANLY','49280','LA SEGUINIERE','FR47 501 351 431',2,1,99,NULL),(67,'TREEKERS',0x7B90CA23DB43E3A8788A94C602D0B78A239A467A,'00.00','297 AVENUE DU MISTRAL ZI ATHELIA 4','13600','LA CIOTAT','FR63 800 946 477',2,1,99,NULL),(68,'UNIVERTEX',0x35653CC2C1A7214929FAFCF82CEA5AF8E79CBBA6,'00.00','...',NULL,'PARIS',NULL,2,1,99,NULL),(69,'BESNARD',0xDF9A878A37FB3C4ECDA2310986177B1958506DDD,'00.00','2 ET 4 AVENUE DU CHÊNE VERT BP 85109','35651','LE RHEU CEDEX','FR07 315 252 197',1,1,99,NULL),(70,'C.C.I.',0xC83AB1A9654A70DA969B63FB4E84D919EC05F923,'00.00','Z.I DU CHASSEREAU 2 RUE BERNARD PALISSY','85607','MONTAIGU CEDEX','FR18 509 184 818',1,1,99,NULL),(71,'COMFORT GROUP',0x2168A5046BA63029512F77754142330D938E1861,'00.00','29 RUE DE L\'EPINE','85130','LA VERRIE','FR75 447 678 301',1,1,99,NULL),(72,'DEFONSECA',0x99DD49A0B3AFB85E901A36C7733CD8B374C6DA94,'00.00',NULL,NULL,NULL,NULL,1,1,99,NULL),(73,'CHAUSS EUROP - DISTRIB\'EST',0xE25A8C4DF8B7D4A0EB1D52353BB4979E0435E577,'00.00','BP 50 ZA COUPEAUVILLE II','76133','EPOUVILLE','FR81 372 500 587',1,1,99,NULL),(74,'DRESCO',0xBDD6E14CEDF48B66461CEE92C8843F4D6ED76C83,'00.00','6 ROUTE DES GORRES','94380','BONNEUIL SUR MARNE','FR63 612 045 864',1,1,99,NULL),(75,'JP CHAUSSURES',0x945558A8CEE14D8D281B74C770D9FC5226545378,'00.00','42 RUE DIDEROT','93500','PANTIN','FR85 408 999 134',1,1,99,NULL),(76,'ROYER',0x6D5AC48D65ACF81DC7F1A9171D0F7314C4A9C195,'00.00','1 RUE EUGÈNE FREYSSINET','35306','FOUGERES','FR16 326 535 143',1,1,99,NULL),(77,'MADO MARCEL',0x68D1757909D43ACF82F44704999145B70543C703,'00.00','RN07','42470','NEAUX','FR64 384 263 448',2,1,99,NULL),(78,'SOCIETE ESPAGNOLE',0xCA2F300F1D2124F263AF1B24164DE07932F4D1D6,'00.00',NULL,NULL,NULL,NULL,1,1,99,NULL),(79,'ESPAGNOLS  - ROMAIN DE NARDO -',0xB2CA6DE0DF274CF2C6F0D5F0A26E5FDF40AADF9B,'00.00',NULL,NULL,'...',NULL,1,1,99,NULL),(80,'ATHENA EMINENC',0x86EDA7D7C02F00C23EE831727A605B35F59557D8,'00.00','ROUTE DE GALLARGUES - BP 30','30470','AIMARGUES','FR03 350 169 124',2,1,99,NULL),(81,'BEAUVALET - NATURANA',0x15D210A6B5EAA7C12388600C3D084BCA7C61B5E0,'00.00',NULL,NULL,NULL,NULL,2,1,99,NULL),(82,'HANES DIM PLAYTEX',0x17BEFCDA0391C93B226BDC88C62B96CB351E547D,'00.00','2 RUE DES MARTINETS','92569','RUEIL MALMAISON CEDEX','FR37 488 727 298',2,1,99,NULL),(83,'CHANTELLE',0xC3B6B9A3C3EAE4AD93DFB10D784044E2CDB5CDD4,'00.00',NULL,NULL,NULL,NULL,2,1,99,NULL),(84,'KIDILIZ',0x7C222FB2927D828AF22F592134E8932480637C0D,'00.00',NULL,NULL,NULL,NULL,2,1,99,'2018-01-29 15:03:27'),(85,'KOOKAI V2D EXPANSION',0x5E2CE10E3C5FA778E9CE55300E35039D14652601,'00.00','ZAC DU BECK - 1 RUE DES LAINIERS','59150','WATTRELOS','FR96 751 831 702',2,1,99,NULL),(86,'HOP LUN DORINA',0x7C222FB2927D828AF22F592134E8932480637C0D,'00.00',NULL,NULL,NULL,NULL,2,1,99,'2018-01-29 15:04:45'),(87,'PETIT BATEAU',0x784BCA57D166C7D61310ABBDC8F7C1FE56912065,'00.00','15 RUE DU LIEUTENANT PIERRE MURARD BP 525','10081','TROYES CEDEX','FR08 542 880 125',2,1,99,NULL),(88,'RAFCO',0xE2559114908AB9DA5495049382B41F744D1792D2,'00.00','117 BOULEVARD FÉLIX FAURE','93300','AUBERVILLIERS','FR53 542 081 054',2,1,99,NULL),(89,'STEFFY V2D CREATION',0x80C0F7CDC664E72CCCABE3DFD5E8E7A565452356,'00.00','1 RUE DES LAINIERS','59150','WATTRELOS','FR19 398 461 129',2,1,99,NULL),(90,'SOLAYTEX',0xBE353109410CE1CF0093AE297CA5E010DAC5106E,'00.00',NULL,NULL,NULL,NULL,2,1,99,NULL),(91,'TRIUMPH',0xE4E702BD64E0FDCF289FACB2A282E20513580074,'00.00','2 RUE ALFRED KASTLER','67610','LA WANTZENAU','FR85 638 502 104',2,1,99,NULL),(92,'VFB LINGERIE',0xA8FF027AE3CB53C57E7A2268E8B4A811A5A45789,'00.00','4/6 RUE CESSELIN','75011','PARIS','FR66 388 634 883',2,1,99,NULL),(93,'CSP WELL COLLANT',0xA39E00FACB528EA973A73DFABBF234E9DBC8444E,'00.00','68 RUE HENRI MATISSE','02230','FRESNOY LE GRAND','FR85 410 317 267',2,1,99,NULL),(94,'WOLF',0x8DFEB75F68B332FA60A85310F3484ED4DF89FFDD,'00.00','2 RUE ALFRED KASTLER','67610','LA WANTZENAU','FR85 638 502 104',2,1,99,NULL),(95,'PMC LINGERIE',0xF4D62E36858416CBCB42032C5F74E0B644871DF6,'00.00','26A RUE DES CHÂTEAUX','59244','WASQUEHAL','FR05 444 610 976',2,1,99,NULL),(96,'DIVINE',0xD73A093AE8E7ECA8DBCF12224E353421ED3BA850,'00.00','5 RUE LOUIS ARMAND','89400','MIGENNES','FR59 429 809 304',2,1,99,NULL),(97,'KINDY PROJECT',0xE8C0AD49EBA70D318E1847DA63E49AE9AEC28C34,'00.00','37 RUE DES BONNETIERS','60220','MOLIENS','FR10 830 135 570',2,1,99,NULL),(98,'OLIVIER GUILLE',0x7D860F47490ED7B60EA24E7DC2FA0189C13E4395,'00.00','4 RUE DE LA BONNETERIE','81390','BRIATEXTE','FR85 775 711 708',2,1,99,NULL),(99,'TDV OLYMPIA - BLEU FORET',0x7C222FB2927D828AF22F592134E8932480637C0D,'00.00',NULL,NULL,NULL,NULL,2,1,99,NULL),(100,'TOTO',0x7C222FB2927D828AF22F592134E8932480637C0D,'00.00',NULL,NULL,NULL,NULL,2,1,99,'2018-01-29 09:13:06'),(102,'NICOLAS',0x7C222FB2927D828AF22F592134E8932480637C0D,'00.00',NULL,NULL,NULL,NULL,1,1,99,'2018-01-29 09:14:03'),(104,'TESTFAB',0xC0A6D8164FE94F122D555B6AFAE3272AEDA2759F,'00.00',NULL,'..',NULL,NULL,1,1,99,NULL),(105,'BITCOIN',0xED945CF3EE34422D8523C9F1F593A0F291BC583B,'00.00',NULL,NULL,NULL,NULL,2,1,99,NULL),(106,'HANES DIM CHAUSSANT',0xC5D67BCC161CA203F364F8410065C043469EE122,'00.00','2 RUE DES MARTINETS','92569','RUEIL MALMAISON CEDEX','FR37 488 727 298',2,1,99,NULL),(107,'HANES DIM SOUS VET HOMME',0x519DE52A736CA628F99D71471B1AAF22E26E9CB9,'00.00','2 RUE DES MARTINETS','92569','RUEIL MALMAISON CEDEX','FR37 488 727 298',2,1,99,NULL),(108,'HANES DIM LINGERIE',0xDE0C7DC6F1F5CE4FED52CADF03AEFEBCBBF9B870,'00.00','2 RUE DES MARTINETS','92569','RUEIL MALMAISON CEDEX','FR37 488 727 298',2,1,99,NULL),(109,'ATHENA JUNIOR SOUS-VET HOMME',0xA88BEA4521B883A1901D4091265D648CC8F94434,'00.00','ROUTE DE GALLARGUES - BP 30','30470','AIMARGUES','FR03 350 169 124',2,1,99,NULL),(110,'ATHENA LINGERIE',0xEAF4411B8BB2E4C862CC46C57C952CDBF047CE82,'00.00','ROUTE DE GALLARGUES - BP 30','30470','AIMARGUES','FR03 350 169 124',2,1,99,NULL),(111,'ATHENA EMINENCE',0x7C222FB2927D828AF22F592134E8932480637C0D,'00.00',NULL,NULL,NULL,NULL,1,1,99,'2018-02-02 16:27:13'),(112,'CSP WELL LINGERIE',0x453B554CF8A2D77F1DE4829C73DC401287FB7533,'00.00','68 RUE HENRI MATISSE','02230','FRESNOY LE GRAND','FR85 410 317 267',2,1,99,NULL),(113,'CSP LE BOURGET LINGERIE',0x089CCBF8D4F3EB8E2CCB8DB9B189E2F8A016D016,'00.00','68 RUE HENRI MATISSE','02230','FRESNOY LE GRAND','FR85 410 317 267',2,1,99,NULL),(114,'CSP LE BOURGET COLLANT',0x7D549A9FE48100729BFE10AB14B91614952FDC7F,'00.00','68 RUE HENRI MATISSE','02230','FRESNOY LE GRAND','FR85 410 317 267',2,1,99,NULL),(115,'LAURY-CHALONGES 2 - Valérie',0x7AE86A88EF20A871C8A94CA09E43F1F4DF16A445,'36.44',NULL,NULL,NULL,NULL,NULL,2,44,NULL),(116,'LAURY-CHALONGES 3 - Éric',0x66C5DF83AABE3CE1BD9AD796F80498E7C1657885,'36.44',NULL,NULL,NULL,NULL,NULL,2,44,NULL),(117,'SODIRENNES 2 - Odile',0x6CD37FC6CB1C8613EF4FE1BF96BDE9F18CB5F16E,'16.35',NULL,NULL,NULL,NULL,NULL,2,35,NULL),(118,'SODIRENNES 3',0xF6429964C597168651932F5DC94D0450D1FA12C0,'16.35',NULL,NULL,NULL,NULL,NULL,2,35,NULL),(119,'SODIRETZ 2 - Sylvie',0xA2476A1FEC1B14F0CF8323801E088AD8F8CB4FD4,'12.44',NULL,NULL,NULL,NULL,NULL,2,44,NULL),(120,'SODIRETZ 3 - Katerine',0x3E4AF121644D992EDB4C08F7FDA7B46533994012,'12.44',NULL,NULL,NULL,NULL,NULL,2,44,NULL),(121,'BAPLINE-BRET A PORTER',0x562DE079F703F023CA0F6547C517DBECE9651D77,'00.00','2 RUE DU RHIN','44484','THOUARE SUR LOIRE','FR50 498 160 811',2,1,99,NULL),(122,'CRAZY DIAMS',0x286302F570879FBDA9F3463EF84512E76E907D56,'00.00','34 AVENUE DE LA MARNE','92600','ASNIERES SUR SEINE','FR11 514 862 549',2,1,99,NULL),(123,'K.MARES',0x20163F6D843295D6A9E7A3A8ED31AA5833D2F2DF,'00.00','22 RUE DU COTEAU','44880','SAUTRON','...',2,1,99,NULL),(124,'MOD EXPRESS',0xD6AEC7811BFBFEA9A375D1EF87F6D94D1AC323B7,'00.00','54 RUE MOLIÈRE','69006','LYON','FR46 398 874 552',2,1,99,NULL),(125,'WAM',0xA9922F288C9E6950DF78F9024535270805F8DB32,'00.00','...',NULL,NULL,NULL,2,1,99,NULL),(126,'RETRO',0x3F1AE02FFB4479388C94B15048BAD5B5E1FF395E,'00.00','19 RUE MALAVAL','13002','MARSEILLE','FR65 444 245 500',1,1,99,NULL),(127,'FAYD\'HERBE',0x37806F12CAAB445CFE57A7CB7749466AE10ED1B2,'00.00','46 RUE DU PLUMAIL','79460','MAGNE',NULL,1,1,99,NULL),(128,'OUDAIRIDIS+SODIROCHE',0x7C222FB2927D828AF22F592134E8932480637C0D,'14.85',NULL,NULL,NULL,NULL,NULL,2,85,NULL),(129,'BREVIDIS+SODIPOR',0x7C222FB2927D828AF22F592134E8932480637C0D,'26.44',NULL,NULL,NULL,NULL,NULL,2,44,NULL),(130,'GOURONNIERES+CDA49',0x7C222FB2927D828AF22F592134E8932480637C0D,'15.49',NULL,NULL,NULL,NULL,NULL,2,49,'2018-08-29 09:25:00'),(131,'SADJ HECHTER',0x44202117467A5F1E87E184EB6E5E55EDE304CAFA,'00.00',NULL,NULL,NULL,NULL,2,1,99,NULL);
/*!40000 ALTER TABLE `enterprise` ENABLE KEYS */;
UNLOCK TABLES;
COMMIT;

--
-- Table structure for table `enterprise_contact`
--

/*!40101 SET @saved_cs_client     = @@character_set_client */;
/*!40101 SET character_set_client = utf8 */;
CREATE TABLE `enterprise_contact` (
  `id_enterprise_contact` int(11) unsigned NOT NULL AUTO_INCREMENT COMMENT 'PK',
  `civility_enterprise_contact` varchar(8) NOT NULL COMMENT 'Civilité',
  `surname_enterprise_contact` varchar(50) NOT NULL COMMENT 'Nom de famille',
  `name_enterprise_contact` varchar(50) NOT NULL COMMENT 'Prénom',
  `email_enterprise_contact` varchar(100) NOT NULL COMMENT 'E-mail',
  `registration_date` datetime DEFAULT NULL COMMENT 'AAAA-MM-JJ HH:MM:SS',
  `ENTERPRISE_id_enterprise` int(11) unsigned NOT NULL COMMENT 'FK',
  PRIMARY KEY (`id_enterprise_contact`),
  UNIQUE KEY `ux_ec` (`ENTERPRISE_id_enterprise`),
  KEY `ix_ec_ENTERPRISE_id_enterprise` (`ENTERPRISE_id_enterprise`),
  CONSTRAINT `fk_ec_enterprise` FOREIGN KEY (`ENTERPRISE_id_enterprise`) REFERENCES `enterprise` (`id_enterprise`)
) ENGINE=InnoDB AUTO_INCREMENT=125 DEFAULT CHARSET=utf8;
/*!40101 SET character_set_client = @saved_cs_client */;

--
-- Dumping data for table `enterprise_contact`
--

LOCK TABLES `enterprise_contact` WRITE;
/*!40000 ALTER TABLE `enterprise_contact` DISABLE KEYS */;
SET autocommit=0;
INSERT INTO `enterprise_contact` VALUES (1,'NC','NC','NC','textile.ancenis@scaouest.fr','2018-06-08 14:20:17',1),(2,'NC','NC','NC','textile.anthaldis@scaouest.fr','2018-06-08 14:21:49',2),(3,'NC','NC','NC','textile.anthigo@scaouest.fr','2018-06-08 14:22:42',3),(4,'NC','NC','NC','','2018-06-05 14:29:36',4),(5,'NC','NC','NC','textile.azedis@scaouest.fr','2018-06-08 14:24:10',5),(6,'NC','NC','NC','textile.blaindis@scaouest.fr','2018-06-08 14:24:54',6),(7,'NC','NC','NC','textile.bocage@scaouest.fr','2018-06-08 14:25:26',7),(8,'NC','NC','NC','textile.brevidis@scaouest.fr','2018-06-08 14:25:59',8),(9,'NC','NC','NC','secretariat-textile.briandis@scaouest.fr','2018-06-08 14:31:15',9),(10,'NC','NC','NC','textile.briere@scaouest.fr','2018-06-08 14:31:59',10),(11,'NC','NC','NC','textile.brissac@scaouest.fr','2018-06-08 14:32:31',11),(12,'NC','NC','NC','textile.cda49@scaouest.fr','2018-06-08 14:32:59',12),(13,'NC','NC','NC','textile.chantonnay@scaouest.fr','2018-06-18 12:07:27',13),(14,'NC','NC','NC','textile.chemille@scaouest.fr','2018-06-08 14:36:12',14),(15,'NC','NC','NC','textile.clisson@scaouest.fr','2018-06-08 14:36:55',15),(16,'NC','NC','NC','textile.dacar@scaouest.fr','2018-06-08 14:37:37',16),(17,'NC','NC','NC','nathalie.cadalen@scaouest.fr','2018-08-13 08:46:41',17),(18,'NC','NC','NC','textile.dynalec@scaouest.fr','2018-06-08 14:39:21',18),(19,'NC','NC','NC','textile.elaudis@scaouest.fr','2018-06-08 14:41:04',19),(20,'NC','NC','NC','textile.fougeres@scaouest.fr','2018-06-08 14:43:04',20),(21,'NC','NC','NC','Textile.Gouronnieres@scaouest.fr','2018-06-08 14:44:19',21),(22,'NC','NC','NC','textile.guerandis@scaouest.fr','2018-06-08 14:45:37',22),(23,'NC','NC','NC','textile.josselin@scaouest.fr','2018-06-08 14:48:15',23),(24,'NC','NC','NC','textile.herbidis@scaouest.fr','2018-06-08 14:46:56',24),(25,'NC','NC','NC','textile.kermeleuc@scaouest.fr','2018-06-08 14:50:19',25),(26,'NC','NC','NC','textile.polesud@scaouest.fr','2018-06-08 14:58:34',26),(27,'NC','NC','NC','textile.nnd@scaouest.fr','2018-06-08 14:59:33',27),(28,'NC','NC','NC','textile.oudairidis@scaouest.fr','2018-06-08 15:00:54',28),(29,'NC','NC','NC','','2018-06-05 14:29:36',29),(30,'NC','NC','NC','textile.saintnicolas@scaouest.fr','2018-06-18 12:09:23',30),(31,'NC','NC','NC','responsable-textile.psv@scaouest.fr','2018-06-08 15:03:22',31),(32,'NC','NC','NC','textile.sable@scaouest.fr','2018-06-08 15:11:08',32),(33,'NC','NC','NC','sandrine.cureau@scaouest.fr','2018-06-08 15:10:00',33),(34,'NC','NC','NC','textile-puericulture.segre@scaouest.fr','2018-06-18 12:08:00',34),(35,'NC','NC','NC','textile.sodijour@scaouest.fr','2018-06-08 15:14:28',35),(36,'NC','NC','NC','textile.sodilonne@scaouest.fr','2018-06-08 15:15:03',36),(37,'NC','NC','NC','textile.sodinove@scaouest.fr','2018-06-08 15:15:40',37),(38,'NC','NC','NC','textile.sodipor@scaouest.fr','2018-06-08 15:16:07',38),(39,'NC','NC','NC','textile.sodirennes@scaouest.fr','2018-06-08 15:16:47',39),(40,'NC','NC','NC','textile.sodiretz@scaouest.fr','2018-06-08 15:17:37',40),(41,'NC','NC','NC','textile.sodiroche@scaouest.fr','2018-06-08 15:18:32',41),(42,'NC','NC','NC','textile.sodivardiere@scaouest.fr','2018-06-08 15:19:14',42),(43,'NC','NC','NC','textile.solacdis@scaouest.fr','2018-06-08 15:19:44',43),(44,'NC','NC','NC','textile.stgilles@scaouest.fr','2018-06-08 15:22:14',44),(45,'NC','NC','NC','textile.saintmalo@scaouest.fr','2018-06-08 15:23:08',45),(46,'NC','NC','NC','textile.oceane@scaouest.fr','2018-06-08 15:23:54',46),(47,'NC','NC','NC','textile.thouars@scaouest.fr','2018-06-08 15:24:55',47),(48,'NC','NC','NC','textile.vadis@scaouest.fr','2018-06-08 15:25:33',48),(49,'NC','NC','NC','','2018-06-05 14:29:36',49),(50,'NC','NC','NC','','2018-06-05 14:29:36',50),(51,'MME','ONILLON','Mélanie','accueil.abaca@orange.fr','2018-06-07 14:55:07',51),(52,'MR','PORTE','Antoine','a.porterivera@gmail.com','2018-06-07 14:57:51',52),(53,'MR','TAPIA','Jérémy','jeremy@blissed.fr','2018-06-07 15:02:36',53),(54,'MME','JEDINAKOVA','Dana','commercial@coline.fr','2018-06-07 15:09:52',54),(55,'MME','MAXANT','Valérie','vale@rms26.fr','2018-06-07 15:20:01',55),(56,'MR','ZILIOLI','Simon','szilioli@kidilizgroup.com','2018-06-07 15:35:41',56),(57,'MR','CANS','Eric','eric.cans@idest.fr','2018-06-07 15:05:22',57),(58,'NC','NC','NC','','2018-06-05 14:29:36',58),(59,'MR','ZEITOUN','Stéphane','md@maille-distribution.fr','2018-06-07 15:47:13',59),(60,'MR','COMBAUD','Jean-Charles','jeancharles.combaud@mythex.com','2018-06-07 15:58:53',60),(61,'MR','SALSEDO','Sébastien','ssalsedo@norprotex.com','2018-06-07 16:05:10',61),(62,'MR','VAN RAEMDONCK','NC','info@piccomini.be','2018-06-07 16:07:39',62),(63,'MME','SENIOR','Brigitte','brigitte.ritchie@orange.fr','2018-06-07 16:19:33',63),(64,'MME','BRETAUDEAU','Thérèse Marie','theresemarie.bretaudeau@gsa.fr','2018-06-07 16:40:36',64),(65,'MR','CORNU','Damien','damien-cornu@stookerbrands.fr','2018-06-07 16:43:29',65),(66,'MME','COUET','Peggy','p.couet@terredemarins.com','2018-06-07 16:46:19',66),(67,'MR','BOULET','Enzo','enzo@treeker9.com','2018-06-07 16:48:49',67),(68,'MME','QUERCIA','Estelle','estelle@univertex.fr','2018-06-08 08:17:06',68),(69,'MR','CORNUE','John','jcornue@besnard.fr','2018-06-08 08:24:15',69),(70,'MME','YOU','Marie Claude','mc.you@ccishoes.com','2018-06-08 08:26:51',70),(71,'MME','VALLOT','Manuella','mvallot@comfort-group.com','2018-06-08 08:32:46',71),(72,'NC','NC','NC','','2018-06-05 14:29:36',72),(73,'MME','SIMON','Isabelle','i.simon@chauss-europ.com','2018-06-08 08:29:12',73),(74,'MME','MONTANIER','Sabrina','sabrina@dresco.fr','2018-06-08 08:35:12',74),(75,'MME','LIN','Céline','lin.celine@jpchaussure.com','2018-06-08 11:19:14',75),(76,'MR','BOUSSIN','Fabrice','fabrice.boussin@grouperoyer.com','2018-06-08 08:42:06',76),(77,'MME','PAVAILLER','Sandrine','spavailler@mado-group.com','2018-06-07 15:39:08',77),(78,'NC','NC','NC','','2018-06-05 14:29:36',78),(79,'NC','NC','NC','','2018-06-05 14:29:36',79),(80,'Mr','SIMON','NC','t.simon@eminence.fr','2018-08-06 10:03:20',80),(81,'Mme','MENA','Pascale','pascale.mena@naturana.fr','2018-08-06 10:49:01',81),(82,'Mr','MALETY','Olivier','olivier.malety@hanes.com','2018-08-06 10:04:07',82),(83,'Mr','MORVAN','Stéphane','stephane.morvan@groupechantelle.com','2018-08-06 10:21:12',83),(84,'Mme','DODRE','Christine','christine.dodre@v2dlingerie.com','2018-08-06 10:04:45',85),(85,'Mme','MATHIEZ','Anne-Marie','ammathiez@fr.petitbateau.com','2018-08-06 10:01:44',87),(86,'Mr','LELIEVRE','Dominique','dl.rafco@gmail.com','2018-08-06 10:08:08',88),(87,'Mr','VILLAIN','Jérémy','jeremy.villain@v2dlingerie.com','2018-08-06 10:09:10',89),(88,'NC','NC','NC','','2018-06-05 14:29:36',90),(89,'Mr','LE MEE','Philippe','philippe.lemee@triumph.com','2018-08-13 09:15:09',91),(90,'Mme','NOLSON','Bernadette','bernadette.nolson@iibrands.com','2018-08-06 10:10:23',92),(91,'Mr','BERTIN','Samuel','samuel.bertin@cspparis.fr','2018-08-06 10:02:43',93),(92,'Mr','LANDES','Alexis','alandes@wolf-sa.fr','2018-08-06 10:11:05',94),(93,'Mme','BOCQUET','Mireille','mbocquet@pmc.fr','2018-08-06 10:06:21',95),(94,'Mr','PICCIOLLI','Gregory','gregory.picciolli@divine-paris.com','2018-08-06 10:12:13',96),(95,'Mme','DELIEZ','Jocya','jocya.deliez@kindy.fr','2018-08-06 10:13:59',97),(96,'Mme','BITTON','Catherine','cbitton@guille.fr','2018-08-06 10:12:48',98),(97,'Mme','BOUCHEZ','Jacqueline','jbouchez@olympia-socks.com','2018-08-06 10:14:48',99),(98,'NC','NC','NC','','2018-06-05 14:29:36',104),(99,'NC','NC','NC','','2018-06-05 14:29:36',105),(100,'Mr','MALETY','Olivier','olivier.malety@hanes.com','2018-08-06 10:04:03',106),(101,'Mr','MALETY','Olivier','olivier.malety@hanes.com','2018-08-06 10:04:10',107),(102,'Mr','MALETY','Olivier','olivier.malety@hanes.com','2018-08-06 10:04:05',108),(103,'Mr','SIMON','NC','t.simon@eminence.fr','2018-08-06 10:16:31',109),(104,'Mr','SIMON','NC','t.simon@eminence.fr','2018-08-06 10:16:35',110),(105,'Mr','BERTIN','Samuel','samuel.bertin@cspparis.fr','2018-08-06 10:02:46',112),(106,'Mr','BERTIN','Samuel','samuel.bertin@cspparis.fr','2018-08-06 10:02:40',113),(107,'Mr','BERTIN','Samuel','samuel.bertin@cspparis.fr','2018-08-06 10:02:36',114),(108,'NC','NC','NC','textile.polesud@scaouest.fr','2018-06-08 14:58:23',115),(109,'NC','NC','NC','textile.polesud@scaouest.fr','2018-06-08 14:58:29',116),(110,'NC','NC','NC','textile.sodirennes@scaouest.fr','2018-06-08 15:16:52',117),(111,'NC','NC','NC','textile.sodirennes@scaouest.fr','2018-06-08 15:16:59',118),(112,'NC','NC','NC','textile.sodiretz@scaouest.fr','2018-06-08 15:17:42',119),(113,'NC','NC','NC','textile.sodiretz@scaouest.fr','2018-06-08 15:17:47',120),(114,'MME','PLISSONNEAU','Line','lp.bapline@graphy-oceane.com','2018-06-07 15:00:29',121),(115,'MR','DAYAUD','Alexandre','alex@crazydiams.com','2018-06-07 15:13:01',122),(116,'MR','MARES','Marc','marc@culturesud.fr','2018-06-07 15:22:20',123),(117,'MR','MARCIANO','Yohann','modexpress@free.fr','2018-06-07 15:57:03',124),(118,'MR','COVEZZI','Orlando','catland@weekendalamer.com','2018-06-08 08:20:30',125),(119,'MR','TOUITOU','Benjamin','contact@retroshoes.fr','2018-06-07 16:11:49',126),(120,'MR','FAYD\'HERBE','Charles','faydherbecharles@gmail.com','2018-06-08 11:30:25',127),(121,'NC','NC','NC','textile.sodiroche@scaouest.fr','2018-08-10 10:27:17',128),(122,'NC','NC','NC','textile.sodipor@scaouest.fr','2018-08-10 10:29:50',129),(123,'NC','NC','NC','textile.cda49@scaouest.fr','2018-08-10 10:26:56',130),(124,'NC','NC','NC','patricia@sadj-paris.fr','2018-08-29 15:42:16',131);
/*!40000 ALTER TABLE `enterprise_contact` ENABLE KEYS */;
UNLOCK TABLES;
COMMIT;

--
-- Table structure for table `log`
--

/*!40101 SET @saved_cs_client     = @@character_set_client */;
/*!40101 SET character_set_client = utf8 */;
CREATE TABLE `log` (
  `id_log` int(11) unsigned NOT NULL AUTO_INCREMENT COMMENT 'PK',
  `ENTERPRISE_id_enterprise` int(11) unsigned NOT NULL COMMENT 'FK',
  `ip_address` varchar(50) NOT NULL COMMENT '@IP',
  `action_description` varchar(100) NOT NULL COMMENT 'Description',
  `action_datetime` datetime NOT NULL COMMENT 'AAAA-MM-JJ HH:MM:SS',
  PRIMARY KEY (`id_log`),
  KEY `ix_log_ENTERPRISE_id_enterprise` (`ENTERPRISE_id_enterprise`),
  CONSTRAINT `fk_log_enterprise` FOREIGN KEY (`ENTERPRISE_id_enterprise`) REFERENCES `enterprise` (`id_enterprise`)
) ENGINE=InnoDB DEFAULT CHARSET=utf8;
/*!40101 SET character_set_client = @saved_cs_client */;

--
-- Dumping data for table `log`
--

LOCK TABLES `log` WRITE;
/*!40000 ALTER TABLE `log` DISABLE KEYS */;
SET autocommit=0;
/*!40000 ALTER TABLE `log` ENABLE KEYS */;
UNLOCK TABLES;
COMMIT;

--
-- Table structure for table `lunch`
--

/*!40101 SET @saved_cs_client     = @@character_set_client */;
/*!40101 SET character_set_client = utf8 */;
CREATE TABLE `lunch` (
  `ENTERPRISE_id_enterprise` int(11) unsigned NOT NULL COMMENT 'PK enterprise',
  `PURCHASING_FAIR_id_purchasing_fair` int(11) unsigned NOT NULL COMMENT 'PK purchasing_fair',
  `lunches_planned` tinyint(3) unsigned NOT NULL COMMENT 'Nb repas prévus',
  `lunches_canceled` tinyint(3) unsigned NOT NULL COMMENT 'Nb repas annulés',
  `lunches_details` longtext COMMENT 'Détails par jour des repas prévus',
  PRIMARY KEY (`ENTERPRISE_id_enterprise`,`PURCHASING_FAIR_id_purchasing_fair`),
  KEY `fk_lunch_purchasing_fair` (`PURCHASING_FAIR_id_purchasing_fair`),
  CONSTRAINT `fk_lunch_enterprise` FOREIGN KEY (`ENTERPRISE_id_enterprise`) REFERENCES `enterprise` (`id_enterprise`),
  CONSTRAINT `fk_lunch_purchasing_fair` FOREIGN KEY (`PURCHASING_FAIR_id_purchasing_fair`) REFERENCES `purchasing_fair` (`id_purchasing_fair`)
) ENGINE=InnoDB DEFAULT CHARSET=utf8;
/*!40101 SET character_set_client = @saved_cs_client */;

--
-- Dumping data for table `lunch`
--

LOCK TABLES `lunch` WRITE;
/*!40000 ALTER TABLE `lunch` DISABLE KEYS */;
SET autocommit=0;
INSERT INTO `lunch` VALUES (1,5,0,0,'[]'),(1,6,0,0,'{\"2018-09-17\":{\"participant\":[\"2\"]}}'),(3,5,0,0,'{\"2018-10-01\":{\"participant\":[\"210\",\"211\"]}}'),(5,5,0,0,'{\"2018-10-01\":{\"participant\":[\"237\",\"235\"]},\"2018-10-05\":{\"participant\":[\"237\",\"235\"]}}'),(7,5,0,0,'{\"2018-10-02\":{\"participant\":[\"182\"]},\"2018-10-03\":{\"participant\":[\"182\"]},\"2018-10-05\":{\"participant\":[\"182\"]}}'),(10,5,0,0,'{\"2018-10-04\":{\"participant\":[\"234\",\"233\"]},\"2018-10-01\":{\"participant\":[\"234\",\"233\"]}}'),(12,5,0,0,'{\"2018-10-01\":{\"participant\":[\"245\",\"305\"]}}'),(13,5,0,0,'[]'),(15,5,0,0,'{\"2018-10-01\":{\"participant\":[\"195\",\"194\"]},\"2018-10-02\":{\"participant\":[\"195\",\"194\"]},\"2018-10-04\":{\"participant\":[\"195\",\"194\"]}}'),(16,5,0,0,'{\"2018-10-01\":{\"participant\":[\"138\",\"139\",\"267\"]},\"2018-10-03\":{\"participant\":[\"138\",\"139\",\"267\"]}}'),(18,5,0,0,'{\"2018-10-02\":{\"participant\":[\"205\",\"282\"]}}'),(19,5,0,0,'{\"2018-10-01\":{\"participant\":[\"241\",\"240\"]},\"2018-10-04\":{\"participant\":[\"241\",\"240\"]}}'),(20,5,0,0,'[]'),(21,5,0,0,'{\"2018-10-02\":{\"participant\":[\"268\",\"313\"]},\"2018-10-09\":{\"participant\":[\"268\",\"313\"]}}'),(23,5,0,0,'{\"2018-10-12\":{\"participant\":[\"232\"]}}'),(24,5,0,0,'{\"2018-10-02\":{\"participant\":[\"174\",\"300\"]},\"2018-10-05\":{\"participant\":[\"174\",\"300\"]}}'),(25,5,0,0,'{\"2018-10-01\":{\"participant\":[\"167\"]}}'),(26,5,0,0,'{\"2018-10-01\":{\"participant\":[\"193\"]},\"2018-10-02\":{\"participant\":[\"193\"]},\"2018-10-03\":{\"participant\":[\"193\"]},\"2018-10-04\":{\"participant\":[\"193\"]}}'),(26,6,0,0,'[]'),(27,5,0,0,'{\"2018-10-03\":{\"participant\":[\"197\",\"198\"]},\"2018-10-04\":{\"participant\":[\"197\",\"198\"]},\"2018-10-05\":{\"participant\":[\"197\",\"198\"]}}'),(30,5,0,0,'{\"2018-10-01\":{\"participant\":[\"157\",\"153\"]},\"2018-10-04\":{\"participant\":[\"157\",\"153\"]}}'),(31,5,0,0,'[]'),(32,5,0,0,'{\"2018-10-01\":{\"participant\":[\"256\"]},\"2018-10-05\":{\"participant\":[\"256\"]}}'),(33,5,0,0,'{\"2018-10-01\":{\"participant\":[\"207\"]},\"2018-10-08\":{\"participant\":[\"207\"]},\"2018-10-09\":{\"participant\":[\"207\"]}}'),(34,4,0,0,'[]'),(34,5,0,0,'{\"2018-10-01\":{\"participant\":[\"168\",\"169\"]}}'),(34,6,0,0,'[]'),(35,5,0,0,'[]'),(36,5,0,0,'[]'),(37,5,0,0,'[]'),(39,5,0,0,'{\"2018-10-01\":{\"participant\":[\"170\"]},\"2018-10-02\":{\"participant\":[\"170\"]},\"2018-10-03\":{\"participant\":[\"170\"]}}'),(40,5,0,0,'[]'),(42,5,0,0,'{\"2018-10-02\":{\"participant\":[\"185\",\"184\"]},\"2018-10-04\":{\"participant\":[\"185\",\"184\"]}}'),(43,5,0,0,'{\"2018-10-08\":{\"participant\":[\"239\",\"238\"]}}'),(45,5,0,0,'{\"2018-10-01\":{\"participant\":[\"219\",\"218\"]},\"2018-10-02\":{\"participant\":[\"219\",\"218\"]},\"2018-10-03\":{\"participant\":{\"1\":\"218\"}}}'),(46,5,0,0,'{\"2018-10-01\":{\"participant\":[\"209\"]}}'),(47,5,0,0,'{\"2018-10-04\":{\"participant\":[\"220\"]}}'),(48,5,0,0,'{\"2018-10-01\":{\"participant\":[\"283\",\"221\"]},\"2018-10-03\":{\"participant\":[\"283\",\"221\"]}}'),(80,5,0,0,'[]'),(99,5,0,0,'[]'),(115,5,0,0,'{\"2018-10-01\":{\"participant\":[\"196\"]}}'),(117,5,0,0,'{\"2018-10-01\":{\"participant\":[\"171\"]}}'),(119,5,0,0,'{\"2018-10-01\":{\"participant\":[\"176\"]},\"2018-10-02\":{\"participant\":[\"176\"]}}'),(120,5,0,0,'[]'),(120,6,0,0,'[]'),(128,5,0,0,'[]'),(129,5,0,0,'{\"2018-10-01\":{\"participant\":[\"303\"]},\"2018-10-02\":{\"participant\":[\"303\"]},\"2018-10-03\":{\"participant\":[\"303\"]}}'),(130,5,0,0,'[]');
/*!40000 ALTER TABLE `lunch` ENABLE KEYS */;
UNLOCK TABLES;
COMMIT;

--
-- Table structure for table `participant`
--

/*!40101 SET @saved_cs_client     = @@character_set_client */;
/*!40101 SET character_set_client = utf8 */;
CREATE TABLE `participant` (
  `id_participant` int(11) unsigned NOT NULL AUTO_INCREMENT COMMENT 'PK',
  `civility_participant` varchar(8) NOT NULL COMMENT 'Civilité',
  `surname_participant` varchar(50) NOT NULL COMMENT 'Nom de famille',
  `name_participant` varchar(50) NOT NULL COMMENT 'Prénom',
  `email_participant` varchar(100) NOT NULL COMMENT 'E-mail',
  `date_deletion_participant` datetime DEFAULT NULL COMMENT 'AAAA-MM-JJ HH:MM:SS',
  PRIMARY KEY (`id_participant`),
  UNIQUE KEY `ux_email_participant` (`civility_participant`,`surname_participant`,`name_participant`,`email_participant`)
) ENGINE=InnoDB AUTO_INCREMENT=332 DEFAULT CHARSET=utf8;
/*!40101 SET character_set_client = @saved_cs_client */;

--
-- Dumping data for table `participant`
--

LOCK TABLES `participant` WRITE;
/*!40000 ALTER TABLE `participant` DISABLE KEYS */;
SET autocommit=0;
INSERT INTO `participant` VALUES (1,'Monsieur','PAJOT','Fabrice','fabrice.pajot@gmail.com',NULL),(2,'Monsieur','ancenis','test','test@ancenis.fr',NULL),(3,'Madame','METAYER','MARYLINE','maryline.metayer@wanadoo.fr',NULL),(7,'Monsieur','NPU','NPU','djacquot@wanadoo.fr',NULL),(8,'Monsieur','THINES','ROMUALD','romuald.rms26@gmail.com',NULL),(9,'Monsieur','ROQUET','Bruno','broquet@kidilizgroup.com',NULL),(10,'Monsieur','THESSON','Arnaud','athesson@kidilizgroup.com',NULL),(11,'Monsieur','HUBERT','Olivier','moihubert@wanadoo.fr',NULL),(12,'Monsieur','VIER','Laurent','laurentvier@orange.fr',NULL),(13,'Madame','RENARD','Isabelle','cmoi.renard@wanadoo.fr',NULL),(14,'Monsieur','GUERON','JEAN JACQUES','jjgueron@gmail.com',NULL),(15,'Monsieur','FEREZ','Louis-Michel','ferdis85@gmail.com',NULL),(16,'Monsieur','TIGER','Yves','yves.tiger@yahoo.fr',NULL),(21,'Monsieur','ZITOUN','PATRICK','pzitoun@norprotex.com',NULL),(22,'Monsieur','HAUG','Olivier','ohaug@norprotex.com',NULL),(24,'Monsieur','REVEAU','Philippe','reveau.philippe@orange.fr',NULL),(25,'Monsieur','MAURILLE','Jean-René','jeanrene.maurille@gsa.fr',NULL),(26,'Monsieur','DOUILLARD','Maxime','maxime.douillard@gsa.fr',NULL),(27,'Monsieur','ROBILLARD','Michel','michel.robillard@gsa.fr',NULL),(28,'Madame','POIRIER','Armelle','armelle.poirier@gsa.fr',NULL),(29,'Monsieur','BRICARD','Mickaël','mickael.bricard@wanadoo.fr',NULL),(30,'Madame','LE MOIGNE','Sophie','sophie-le-moigne@stookerbrands.fr',NULL),(31,'Madame','GUILLAMET','Céline','c.guillamet@terredemarins.com',NULL),(32,'Monsieur','GAULTIER','Karine','k.gaultier@terredemarins.com',NULL),(33,'Madame','BOTTA','Valérie','v.botta@terredemarins.com',NULL),(34,'Monsieur','BONJOUX','Anthony','a.bonjoux@terredemarins.com',NULL),(35,'Madame','MAUVIEL','Sabrina','s.mauviel@terredemarins.com',NULL),(36,'Madame','BOUTROIS','Jennifer','j.boutrois@terredemarins.com',NULL),(37,'Madame','LATRUFFE','Caroline','c.latruffe@terredemarins.com',NULL),(38,'Monsieur','GASNIER','Thomas','t.gasnier@terredemarins.com',NULL),(41,'Monsieur','CORNUE','JOHN','jcornue@besnard.fr',NULL),(42,'Monsieur','DUBOIS','Eric','edubois@besnard.fr',NULL),(43,'Monsieur','GATE','Jérémy','j.gate@ccishoes.com',NULL),(44,'Monsieur','JOLIVET','Patrice','p.jolivet@ccishoes.com',NULL),(45,'Monsieur','GERARD','Steven','s.gerard@ccishoes.com',NULL),(47,'Madame','BOLLET HERAULT','Emmanuelle','e.bolletherault@luo-distribution.com',NULL),(48,'Monsieur','DUPE','Laurent','ldupe@distrib-est.fr',NULL),(49,'Monsieur','DE NARDO','Romain','romain@dresco.fr',NULL),(50,'Monsieur','MOREAU','Nicolas','n.moreau@jpchaussure.com',NULL),(51,'Monsieur','BARBIER','Jacky','jacky.barbier@grouperoyer.com',NULL),(52,'Monsieur','LECOEUR','Pascal','pascal.lecoeur@grouperoyer.com',NULL),(53,'Monsieur','MERCKENS','Philippe','philippe.merckens@gmail.com',NULL),(54,'Madame','JACQUOT','Sandrine','dsjacquot@wanadoo.fr',NULL),(55,'Monsieur','MARRETTA','Pierre','pmarretta@gmail.com',NULL),(56,'Madame','DUVIVIER','Marie-Laure','aduvivier@mado-group.com',NULL),(57,'Monsieur','BRETAUDEAU','Bernard','bernard.bretaudeau@gmail.com',NULL),(59,'Monsieur','FAYD\'HERBE','Charles ','faydherbecharles@gmail.com',NULL),(60,'Madame','DEQUATRE','Sandrine','sdequatre@eminence.fr',NULL),(61,'Madame','GOURAUD','x','afer@eminence.fr',NULL),(62,'Madame','LE GUINNEC','N','nleguennic@eminence.fr',NULL),(63,'Madame','CADOREL','F','fcadorel@eminence.fr',NULL),(64,'Monsieur','FRAVAL','M','mfraval@eminence.fr',NULL),(65,'Madame','VALLOIS','CLAUDIE','claudie.vallois@naturana.fr',NULL),(66,'Madame','LEBRETON','TIFENN','tifenn.lebreton@naturana.fr',NULL),(67,'Madame','MARESQ','Typhanie','typhanie.maresq@naturana.fr',NULL),(68,'Monsieur','LENOIR','HENRY-PIERRE','henry-pierre.lenoir@hanes.com',NULL),(69,'Madame','GIRARD','SEVERINE','severine.girard@hanes.com',NULL),(70,'Madame','BINET','Eric','eric.binet@hanes.com',NULL),(71,'Monsieur','GERARD','Philippe','philippe.gerard@hanes.com',NULL),(72,'Madame','BOUILLE','LAETITIA','laetitia.bouille@hanes.com',NULL),(77,'Madame','DROUET','VALERIE','valerie.drouet@hanes.com',NULL),(79,'Madame','SORIN','Christelle','christelle.sorin@hanes.com',NULL),(80,'Madame','GUILLOU','LAURENCE','laurence.guillou@hanes.com',NULL),(81,'Madame','THIBAUT-LAURENT','VERONIQUE','veronique.thibaud-laurent@hanes.com',NULL),(82,'Monsieur','BOURGOIS REPUBLIQUE','LIONEL','lionel.bourgeoisrepublique@hanes.com',NULL),(83,'Madame','DENIE','Isabelle','isabelle.denie@hanes.com',NULL),(85,'Monsieur','MORVAN','STEPHANE','STEPHANE.MORVAN@GROUPECHANTELLE.COM',NULL),(88,'Monsieur','RODRIGUEZ','CHRISTEL','christel.rodriguez@v2dlingerie.com',NULL),(89,'Monsieur','DEQUILLIEN','BENOIT','bdequillien@pmc.fr',NULL),(90,'Madame','HAYE','SOPHIE','shaye@pmc.fr',NULL),(91,'Madame','ROSIER','STEPHANIE','srosier@fr.petitbateau.com',NULL),(92,'Monsieur','BOUILLAUX','LUDOVIC','lbouillaux@fr.petitbateau.com',NULL),(93,'Monsieur','LELIEVRE','DOMINIQUE','dl.rafco@gmail.com',NULL),(94,'Madame','ELIARD','CHRISTELLE','christelle.eliard@v2dlingerie.com',NULL),(95,'Monsieur','A_SUPPRIMER','A_SUPPRIMER','a_supprimer',NULL),(96,'Madame','ALLEAU-ROUSSEAU','SYLVIE','sylvie.alleau-rousseau@v2dlingerie.com',NULL),(97,'Monsieur','GAUVRY','PATRICK','patrickmichel@yahoo.fr',NULL),(99,'Madame','BESNIER','CLAIRE','claire.besnier@triumph.com',NULL),(100,'Madame','CORLAY','BERENGERE','berengere.corlay@iibrands.com',NULL),(101,'Madame','DEZERE','NOEMIE','noemie.dezere@triumph.com',NULL),(102,'Monsieur','CARANDANTE','MICHEL','michel.carandante@triumph.com',NULL),(103,'Monsieur','TROALEN','JEAN LOUIS','jeanlouis.troalen@iibrands.com',NULL),(104,'Madame','MESMIN','CATHERINE','catherine.mesmin@iibrands.com',NULL),(105,'Madame','BEUCHET','BLANDINE','blandine.beuchet@iibrands.com',NULL),(106,'Madame','HUCHET','CASSANDRE','cassandre.huchet@cspparis.fr',NULL),(107,'Monsieur','DE COURCY','ARNAUD','arnaud.decourcy@cspparis.fr',NULL),(108,'Madame','MORIN','MANUELA','manuela.morin@cspparis.fr',NULL),(109,'Madame','DAUCE','STEPHANIE','stephanie.dauce@cspparis.fr',NULL),(110,'Monsieur','HERY','GHYSLAIN','ghyslain.hery@cspparis.fr',NULL),(111,'Monsieur','HELLEUX','JEAN-LUC','jean-luc.helleux@cspparis.fr',NULL),(112,'Monsieur','GUIHEUX','JEAN-JACQUES','jean-jacques.guiheux@cspparis.fr',NULL),(113,'Monsieur','MIRAMBEAU','CHRISTOPHE','christophe.miranbeau@cspparis.fr',NULL),(114,'Monsieur','LUCAS','FLORIAN','florian.lucas@cspparis.fr',NULL),(115,'Madame','REMIGEREAU','LISE','lise.remigereau@cspparis.fr',NULL),(116,'Madame','CHAIN','CORINNE','cchain@wolf-sa.fr',NULL),(117,'Monsieur','HUET','FRANCK','fhuet@wolf-sa.fr',NULL),(118,'Madame','FOURNY','ANITA','afourny@wolf-sa.fr',NULL),(119,'Monsieur','JARDIN','CHRISTIAN','cjardin@wolf-sa.fr',NULL),(121,'Monsieur','MARAIS','WILFRIED','wilfried.marais@kindy.fr',NULL),(122,'Monsieur','FOUCHE','CHRISTIAN','cfouche.guille@gmail.com',NULL),(123,'Monsieur','MACE','JEROME','macejeromefrancois@gmail.com',NULL),(124,'Madame','BRAUD','C','c.braud@bleuforet.fr',NULL),(125,'Madame','CAZEAUX','N','n.cazeaux@olympia-sock.com',NULL),(126,'Monsieur','TOUBOULIC','LAURENCE','l.touboulic@bleuforet.fr',NULL),(127,'Madame','CAMPS','C','c.camps@bleuforet.fr',NULL),(128,'Monsieur','LEMAIRE','J','j.lemaire@bleuforet.fr',NULL),(129,'Monsieur','RYO','ERIC','eric.ryo@divine-paris.com',NULL),(130,'Madame','dffgd','dfgfdggdfg','dfgdfdfgdf@dgd.fr',NULL),(131,'Madame','sdfsdfsdf','sdfsdfsdf','sdfsdfdsfsf@sdqfsdq.fr',NULL),(132,'Madame','PILARD','MAUD','maud.pilard@kindy.fr',NULL),(133,'Monsieur','CHOISNET','ARNAUD','jocya.deliez@kindy.fr',NULL),(134,'Monsieur','COUSTEAUX','TONY','tony.cousteaux@kindy.fr',NULL),(135,'Monsieur','TARTANPION','ROBERT','robert.tartanpion@gmail.com',NULL),(136,'Madame','clavier','marine','textile.anthaldis@scaouest.fr',NULL),(137,'Madame','diserbeau','sandy','sandy.diserbeau@scaouest.fr',NULL),(138,'Madame','CARDINAL','SANDRA','sandra.cardinal@scaouest.fr',NULL),(139,'Madame','FEREY','LINDSAY','textile.dacar@scaouest.fr',NULL),(140,'Madame','GOUWY','VALERIE','vgouwy@dinandis.com',NULL),(145,'Madame','NORMAND','SANDRA','snormand@dinandis.com',NULL),(146,'Madame','fillion','sylvie','sylvie.filloin@scaouest.fr',NULL),(147,'Madame','ll','marine','resptext.psv@scaouest.fr',NULL),(148,'Madame','RAMBAUD','Françoise','textile.sodilonne@scaouest.fr',NULL),(153,'Madame','GOHIER','GWENAELLE','textile.saintnicolas@scaouest.fr',NULL),(157,'Madame','GALIBOURG','STEPHANIE','sectextile.saintnicolas@scaouest.fr',NULL),(158,'Madame','gwendoline','mocaer','textile.guerandis@scaouest.fr',NULL),(163,'Madame','riviere','sonia','sonia@hotmail.fr',NULL),(164,'Madame','lebrun ','maryline','maryline@hotmail.fr',NULL),(165,'Madame','malassis ','catherine','catherine@hotmail.fr',NULL),(166,'Madame','JONCHERAY','LAURENCE','laurence.joncheray@scaouest.fr',NULL),(167,'Madame','BRILLAULT','DANIELE','textile.kermeleuc@scaouest.fr',NULL),(168,'Madame','BONSERGENT','CHRISTELLE','textile-puericulture.segre@scaouest.fr',NULL),(169,'Madame','LEFEUVRE','NADEGE','textile-puericulture.segre@scaouest.fr',NULL),(170,'Madame','BELLEC','ARMELLE','blanc-permanent.sodirennes@scaouest.fr',NULL),(171,'Madame','GUILLARD','ODILE','textile.sodirennes@scaouest.fr',NULL),(172,'Madame','MOGIS ','CHRISTINE','textile.sodirennes@scaouest.fr',NULL),(173,'Madame','boudaud','catherine','catherine.boudaud@scaouest.fr',NULL),(174,'Madame','cartron','guylaine','catherine.boudaud@scaouest.fr',NULL),(175,'Madame','ELIE','CARINE','textile.chantonnay@caouest.fr',NULL),(176,'Madame','BOURGOIN','SYLVIE','puericulture.sodiretz@scaouest.fr',NULL),(177,'Madame','brecheteau','nathalie','textile-saisonnier.sodiretz@scaouest.fr',NULL),(178,'Madame','AVERTY','KATERINE','chaussures.sodiretz@scaouest.fr',NULL),(179,'Madame','ANDRE','nadia','textile.sodijour@scaouest.fr',NULL),(180,'Madame','MORALES ','NATHALIE','textile.stgilles@scaouest.fr',NULL),(181,'Madame','POUVREAU','EMILIE','textile.stgilles@scaouest.fr',NULL),(182,'Madame','ROBIN ','STEPHANIE','textile.bocage@scaouest.fr',NULL),(183,'Madame','BONNET','CARINE','textile.bocage@scaouest.fr',NULL),(184,'Madame','JOLLY','nATHALIE','textile.sodivardiere@scaouest.fr',NULL),(185,'Madame','Dupont','Adeline','textile.sodivardiere@scaouest.fr',NULL),(189,'Monsieur','Bouillaud','Gunther','textile.ancenis@scaouest.fr',NULL),(190,'Madame','Renaud ','Ombéline','textile.ancenis@scaouest.fr',NULL),(191,'Madame','Lecompte ','Cindy','textile.ancenis@scaouest.fr',NULL),(192,'Madame','Perocheau','Stacy','textile.ancenis@scaouest.fr',NULL),(193,'Monsieur','LAURENT','Damien','textile.polesud@scaouest.fr',NULL),(194,'Madame','ZAHOU','MELISSA','TEXTILE.CLISSON@SCAOUEST.FR',NULL),(195,'Madame','BUTUN','MELODIE','TEXTILE.CLISSON@SCAOUEST.FR',NULL),(196,'Madame','VIALLE','Valérie','textile.polesud@scaouest.fr',NULL),(197,'Madame','Lemeunier','Virginie','textile-femme.nnd@scaouest.fr',NULL),(198,'Madame','Quilmer','Sylvie','textile.nnd@scaouest.fr',NULL),(199,'Madame','Louya','Maëlle','textile-femme.nnd@scaouest.fr',NULL),(200,'Madame','Perrochon','Soizic','textile-femme.nnd@scaouest.fr',NULL),(201,'Madame','MARIOT','MURIELLE','textile.sodipor@scaouest.fr',NULL),(202,'Madame','Mouransson','Charline','Textile.brevidis@scaouest.fr',NULL),(205,'Monsieur','Esnault','Aurélien','textile.dynalec@scaouest.fr',NULL),(206,'Madame','Gauthier','Marine','textile.dynalec@scaouest.fr',NULL),(207,'Madame','CUREAU','SANDRINE','sandrine.cureau@scaouest.fr',NULL),(208,'Madame','Marchant','Ophélie','sandrine.cureau@scaouest.fr',NULL),(209,'Madame','Lucas','virginie','textperm.oceane@scaouest.fr',NULL),(210,'Madame','CHERHAL','Lolita','textile.anthigo@scaouest.fr',NULL),(211,'Madame','QUELLEUC','Betty','textile.anthigo@scaouest.fr',NULL),(212,'Madame','jonchere','geraldine','textile.gouronnieres@scaouest.fr',NULL),(213,'Madame','renard','virginie','textile.fougeres@scaouest.fr',NULL),(214,'Madame','kreutzer ','nathalie','textile.fougeres@scaouest.fr',NULL),(215,'Madame','poirier','joelle','textile.fougeres@scaouest.fr',NULL),(216,'Madame','ZAMMATTIO','CAROLINE','caroline.zammattio@scaouest.fr',NULL),(217,'Madame','bernard','emilie','textile.brissac@scaouest.fr',NULL),(218,'Madame','joubert','christelle','textile.saintmalo@scaouest.fr',NULL),(219,'Madame','delaunay','siegried','textile.saintmalo@sacouest.fr',NULL),(220,'Madame','AVRIL','Nadia','textile.thouars@scaouest.fr',NULL),(221,'Madame','LANNON','CECILE','textile.vadis@scaouest.fr',NULL),(222,'Madame','MOMIER','NATHALIE','bazarleger.vadis@scaouest.fr',NULL),(223,'Madame','PLANCHOT','PRISCA','prisca.planchot@groupechantelle.com',NULL),(229,'Madame','Doux','Aurélie','textile.sodiroche@scaouest.fr',NULL),(230,'Madame','cormier','estelle','textile.oudairidis@scaouest.fr',NULL),(231,'Madame','DURAND','Lucie','textile.sodinove@scaouest.fr',NULL),(232,'Madame','LE GUENNEC','VALERIE','textile.josselin@scaouest.fr',NULL),(233,'Madame','LETTIG','Cathie','textile.briere@scaouest.fr',NULL),(234,'Madame','BONNIER','Fabienne','textile.briere@scaouest.fr',NULL),(235,'Madame','TURQUAIS ','Véronique','textile.azedis@scaouest.fr',NULL),(236,'Madame','DUPREY','Eloise','textile.azedis@scaouest.fr',NULL),(237,'Madame','RAFFIN','Nathalie','textile.azedis@scaoest.fr',NULL),(238,'Madame','JOUBIER ','AUDREY','textile.solacdis@scaouest.fr',NULL),(239,'Madame','COUESPEL','LUCIE','textile.solacdis@scaouest.fr',NULL),(240,'Madame','RIO','Fabienne','textile.elaudis@scaouest.fr',NULL),(241,'Madame','PALABE','Caroline','textile.elaudis@scaouest.fr',NULL),(242,'Madame','GENDRON/DELAUNAY','CHRISTELLE/AMELIE','textile.cda49@scaouest.fr',NULL),(243,'Madame','PIPALA/ BOISSON','CHRISTELLE/MARILYN','textile.gouronnieres@scaouest.fr',NULL),(244,'Madame','GENDRON','CHRISTELLE','textile.cda49@scaouest.fr',NULL),(245,'Madame','DELAUNAY','AMELIE','textile.cda49@scaouest.fr',NULL),(246,'Madame','NIVOT','CORINNE','corinne.nivot@scaouest.fr',NULL),(247,'Madame','BASSET','Barbara','textile.chemille@scaouest.fr',NULL),(248,'Madame','GRENOUILLEAU','Nadège','textile.chemille@scaouest.fr',NULL),(249,'Madame','FATIN','LUCETTE','lucette.fatin@scaouest.fr',NULL),(250,'Madame','Dauffy','Natacha','lucette.fatin@scaouest.fr',NULL),(251,'Madame','GIRL','Géraldine','girl.geraldine@abc.fr',NULL),(252,'Madame','PERRAUD','SANDRINE','sandrine@hotmail.fr',NULL),(253,'Madame','bossenno','isabelle','isabelle@hotmail.fr',NULL),(254,'Madame','REMOUE','FLORENCE','textile.polesud@scaouest.fr',NULL),(255,'Monsieur','AVERTY','ERIC','textile.polesud@scaouest.fr',NULL),(256,'Madame','KURICKI','MAGALIE','textile.sable@scaouest.fr',NULL),(257,'Madame','MINGOT','AMELIA','textile.brissac@scaouest.fr',NULL),(258,'Madame','Ménard','Emeline','textile.saintmalo@scaouest.fr',NULL),(260,'Madame','AIRIAU','STEPHANIE','textsaiso.oceane@scaouest.fr',NULL),(261,'Madame','Drouet','Régine','textile.clisson@scaouest.fr',NULL),(262,'Madame','BOURGOISE','ELISE','textile-puericulture.segre@scaouest.fr',NULL),(263,'Madame','CELLIER','GINA','textile-puericulture.segre@scaouest.fr',NULL),(265,'Madame','CADALEN','NATHALIE','nathalie.cadalen@scaouest.fr',NULL),(266,'Madame','Loison','Edith','lucette.fatin@scaouest.fr',NULL),(267,'Madame','Forestier','Emmanuelle','textile.dacar@scaouest.fr',NULL),(268,'Madame','GIRAUD','CHRISTELLE','textilea.gouronnieres@scaouest.fr',NULL),(269,'Monsieur','deau','didier','textile.sodilonne@scaouest.fr',NULL),(270,'Madame','HUCHET','NADEGE','textile.sodinove@scaouest.fr',NULL),(271,'Madame','DEFONTAINE','CORALIE','lucied7@orange.fr',NULL),(272,'Madame','DEFONTAINE','CORALIE','textile.sodinove@scaouest.fr',NULL),(273,'Madame','Blond','Elodie','textile.ancenis@scaouest.fr',NULL),(274,'Madame','Robert','Anne','textile.ancenis@scaouest.fr',NULL),(275,'Madame','Potier','Evelyne','textile.ancenis@scaouest.fr',NULL),(276,'Madame','CAPURRO','VERONIQUE','chaussures.nnd@scaouest.fr',NULL),(277,'Madame','PACOT','Séverine','textile.nnd@scaouest.fr',NULL),(278,'Madame','VOLLARD','AMELIE','chaussures.brevidis@scaouest.fr',NULL),(279,'Madame','PAGEOT','Yveline','chaussure.sodipor@scaouest.fr',NULL),(280,'Madame','foucher','nadine','Textile.brevidis@scaouest.fr',NULL),(281,'Madame','MORICEAU','MAGALIE','textile.sodipor@scaouest.fr',NULL),(282,'Madame','poiron','priscillia','textile.dynalec@scaouest.fr',NULL),(283,'Madame','GOUGEON','Mélanie','textile.vadis@scaouest.fr',NULL),(284,'Madame','VERRON','ANNE LAURE','textile.chemille@scaouest.fr',NULL),(285,'Monsieur','ROBINEAU','Laurent','laurent.robineau@gmail.com',NULL),(286,'Monsieur','Renault','Bruno','renaultbruno@gmail.com',NULL),(287,'Monsieur','Petrau','Michel','michel.petrau79@gmail.com',NULL),(288,'Madame','Le Guillou','Sabrina','sabrina.stmalo@yahoo.fr',NULL),(289,'Monsieur','COURANT','PHILIPPE','courant.phil@orange.fr',NULL),(290,'Monsieur','JACQUOT','DAVID','dsjacquot@wanadoo.fr',NULL),(291,'Madame','ROCHAIS','Charlène','CRochais@norprotex.com',NULL),(292,'Monsieur','CARTIER','Alain','alain-cartier@orange.fr',NULL),(293,'Madame','BONNETE','CATHY','nominoe.jaca@gmail.com',NULL),(294,'Madame','Plissonneau','Line','lp.bapline@graphy-oceane.com',NULL),(295,'Monsieur','MARTIN','Laurent','laurent@crazydiams.com',NULL),(296,'Monsieur','MAYAUD','Alexandre','alex@crazydiams.com',NULL),(297,'Monsieur','IQUEL','PASCAL','pascal.iquel@gmail.com',NULL),(298,'Madame','GOUDALIEZ','Valérie','valerie@scaouest.fr',NULL),(300,'Madame','Denizeau','Magalie','textile.herbidis@scaouest.fr',NULL),(301,'Madame','ALLARD','CECILE','cecile.allard@scaouest.fr',NULL),(302,'Madame','BIEN','CELINE','textile.chemille@scaouest.fr',NULL),(303,'Madame','MARIOT ET MOURANSON','MURIEL ET CHARLINE','textile.sodipor@scaouest.fr',NULL),(304,'Madame','MARIOT ET MOURENSON','MURIEL ET CHARLINE','textile.sodipor@scaouest.fr',NULL),(305,'Madame','PITON','Delphine','textile.cda49@scaouest.fr',NULL),(306,'Madame','rabiller','sophie','textile.sodilonne@scaouest.fr',NULL),(307,'Madame','gaudiniere','charlene','textile.sodilonne@scaouest.fr',NULL),(311,'Monsieur','Rousseau','Fabrice','textile.ancenis@scaouest.fr',NULL),(313,'Madame','pipala','christelle','textile.gouronnieres@scaouest.fr',NULL),(314,'Madame','lhuillerie','blandine','textile.sodijour@scaouest.fr',NULL),(315,'Monsieur','GONCALVES','Victor','vgoncalves@olympia-socks.com',NULL),(317,'Madame','DOUX','Aurélie','textile.oudairidis@scaouest.fr',NULL),(318,'Madame','CORNIER','Estelle','textile.oudairidis@scaouest.fr',NULL),(319,'Madame','FONTAINE','CHARLINE','cfontaine@eminence.fr',NULL),(320,'Monsieur','CLAVEAU','Loris','lclaveau@eminence.fr',NULL),(321,'Madame','DILIS','LENA','lena.dilis@v2dlingerie.com',NULL),(322,'Monsieur','LE MEE','PHILIPPE','philippe.lemee@triumph.com',NULL),(323,'Madame','BERTIN','Stéphanie','stephanie.bertin@cspparis.fr',NULL),(324,'Madame','CRESPIN','Gaelle','gaelle.crespin@cspparis.fr',NULL),(325,'Monsieur','Guillet','Patrick','pguillet@wolf-sa.fr',NULL),(326,'Madame','PONS','Gaelle','gpons@pmc.fr',NULL),(327,'Monsieur','MARCELLY','PASCAL','pascal.marcelly@kindy.fr',NULL),(328,'Madame','CAZAUX','NATHALIE','ncazaux@olympia-socks.com',NULL),(329,'Monsieur','TOUBOULIC','LOIC','l.touboulic@bleuforet.fr',NULL),(330,'Madame','You','Patricia','ypatricia.you@gmail.com',NULL),(331,'Madame','ELIE','CARINE','textile.chantonnay@scaouest.fr',NULL);
/*!40000 ALTER TABLE `participant` ENABLE KEYS */;
UNLOCK TABLES;
COMMIT;

--
-- Table structure for table `participation`
--

/*!40101 SET @saved_cs_client     = @@character_set_client */;
/*!40101 SET character_set_client = utf8 */;
CREATE TABLE `participation` (
  `PARTICIPANT_id_participant` int(11) unsigned NOT NULL COMMENT 'PK participant',
  `PURCHASING_FAIR_id_purchasing_fair` int(11) unsigned NOT NULL COMMENT 'PK purchasing_fair',
  `password_participant` char(6) DEFAULT NULL COMMENT 'Mot de passe à six chiffres',
  `lunch` tinyint(1) unsigned NOT NULL DEFAULT '0' COMMENT '0 = NON / 1 = OUI',
  PRIMARY KEY (`PARTICIPANT_id_participant`,`PURCHASING_FAIR_id_purchasing_fair`),
  KEY `ix_participation_PARTICIPANT_id_participant` (`PARTICIPANT_id_participant`),
  KEY `ix_participation_PURCHASING_FAIR_id_purchasing_fair` (`PURCHASING_FAIR_id_purchasing_fair`),
  CONSTRAINT `fk_participation_participant` FOREIGN KEY (`PARTICIPANT_id_participant`) REFERENCES `participant` (`id_participant`),
  CONSTRAINT `fk_participation_purchasing_fair` FOREIGN KEY (`PURCHASING_FAIR_id_purchasing_fair`) REFERENCES `purchasing_fair` (`id_purchasing_fair`)
) ENGINE=InnoDB DEFAULT CHARSET=utf8;
/*!40101 SET character_set_client = @saved_cs_client */;

--
-- Dumping data for table `participation`
--

LOCK TABLES `participation` WRITE;
/*!40000 ALTER TABLE `participation` DISABLE KEYS */;
SET autocommit=0;
INSERT INTO `participation` VALUES (2,1,'123456',0),(2,2,'123456',0),(8,2,'123456',0),(9,2,'123456',0),(10,2,'123456',0),(11,2,'123456',0),(12,2,'123456',0),(13,2,'123456',0),(14,2,'123456',0),(21,2,'123456',0),(22,2,'123456',0),(24,2,'123456',0),(25,2,'123456',0),(26,2,'123456',0),(27,2,'123456',0),(28,2,'123456',0),(29,2,'123456',0),(30,2,'123456',0),(31,2,'123456',0),(32,2,'123456',0),(33,2,'123456',0),(34,2,'123456',0),(35,2,'123456',0),(36,2,'123456',0),(37,2,'123456',0),(38,2,'123456',0),(41,2,'123456',0),(42,2,'123456',0),(47,2,'123456',0),(48,2,'123456',0),(50,2,'123456',0),(51,2,'123456',0),(52,2,'123456',0),(54,2,'123456',0),(55,2,'123456',0),(56,2,'123456',0),(57,2,'123456',0),(59,2,'123456',0),(136,3,'123456',0),(136,4,'123456',0),(136,5,'123456',0),(137,3,'123456',0),(137,4,'123456',0),(137,5,'123456',0),(138,3,'123456',0),(138,4,'123456',0),(138,5,'123456',0),(139,3,'123456',0),(139,5,'123456',0),(140,3,'123456',0),(140,4,'123456',0),(140,5,'123456',0),(145,3,'123456',0),(145,4,'123456',0),(146,3,'123456',0),(146,5,'123456',0),(147,3,'123456',0),(147,5,'123456',0),(148,3,'123456',0),(148,4,'123456',0),(148,5,'123456',0),(153,3,'123456',0),(153,4,'123456',0),(153,5,'123456',0),(157,3,'123456',0),(157,5,'123456',0),(158,3,'123456',0),(158,4,'123456',0),(163,3,'123456',0),(163,5,'123456',0),(164,4,'123456',0),(164,5,'123456',0),(165,3,'123456',0),(165,5,'123456',0),(166,3,'123456',0),(166,4,'123456',0),(166,5,'123456',0),(167,3,'123456',0),(167,4,'123456',0),(167,5,'123456',0),(168,3,'123456',0),(168,4,'123456',0),(168,5,'123456',0),(169,3,'123456',0),(169,5,'123456',0),(170,3,'123456',0),(170,5,'123456',0),(171,3,'123456',0),(171,4,'123456',0),(171,5,'123456',0),(172,3,'123456',0),(173,3,'123456',0),(173,4,'123456',0),(174,3,'123456',0),(174,4,'123456',0),(174,5,'123456',0),(175,3,'123456',0),(175,4,'123456',0),(176,3,'123456',0),(176,4,'123456',0),(176,5,'123456',0),(177,3,'123456',0),(177,4,'123456',0),(177,5,'123456',0),(178,3,'123456',0),(178,4,'123456',0),(178,5,'123456',0),(179,3,'123456',0),(179,4,'123456',0),(179,5,'123456',0),(180,3,'123456',0),(180,4,'123456',0),(180,5,'123456',0),(181,3,'123456',0),(181,4,'123456',0),(181,5,'123456',0),(182,3,'123456',0),(182,4,'123456',0),(182,5,'123456',0),(183,3,'123456',0),(183,5,'123456',0),(184,2,'123456',0),(184,3,'123456',0),(184,4,'123456',0),(184,5,'123456',0),(185,3,'123456',0),(185,5,'123456',0),(189,3,'123456',0),(189,4,'123456',0),(189,5,'123456',0),(190,3,'123456',0),(190,4,'123456',0),(190,5,'123456',0),(191,3,'123456',0),(191,5,'123456',0),(192,3,'123456',0),(192,5,'123456',0),(193,3,'123456',0),(193,5,'123456',0),(194,3,'123456',0),(194,4,'123456',0),(194,5,'123456',0),(195,3,'123456',0),(195,5,'123456',0),(196,3,'123456',0),(196,4,'123456',0),(196,5,'123456',0),(197,3,'123456',0),(197,5,'123456',0),(198,3,'123456',0),(198,4,'123456',0),(198,5,'123456',0),(199,3,'123456',0),(200,3,'123456',0),(201,3,'123456',0),(202,3,'123456',0),(205,3,'123456',0),(205,4,'123456',0),(205,5,'123456',0),(206,3,'123456',0),(207,3,'123456',0),(207,4,'123456',0),(207,5,'123456',0),(208,3,'123456',0),(209,3,'123456',0),(209,5,'123456',0),(210,3,'123456',0),(210,5,'123456',0),(211,3,'123456',0),(211,5,'123456',0),(212,3,'123456',0),(212,4,'123456',0),(213,3,'123456',0),(213,4,'123456',0),(213,5,'123456',0),(214,3,'123456',0),(214,4,'123456',0),(214,5,'123456',0),(215,3,'123456',0),(215,5,'123456',0),(216,3,'123456',0),(216,4,'123456',0),(216,5,'123456',0),(217,3,'123456',0),(218,3,'123456',0),(218,4,'123456',0),(218,5,'123456',0),(219,3,'123456',0),(220,3,'123456',0),(220,4,'123456',0),(220,5,'123456',0),(221,3,'123456',0),(221,4,'123456',0),(221,5,'123456',0),(222,3,'123456',0),(229,3,'123456',0),(229,4,'123456',0),(230,3,'123456',0),(230,4,'123456',0),(231,3,'123456',0),(231,4,'123456',0),(232,3,'123456',0),(232,4,'123456',0),(232,5,'123456',0),(233,3,'123456',0),(233,4,'123456',0),(233,5,'123456',0),(234,3,'123456',0),(234,5,'123456',0),(235,3,'123456',0),(235,4,'123456',0),(235,5,'123456',0),(236,3,'123456',0),(236,5,'123456',0),(237,3,'123456',0),(237,4,'123456',0),(237,5,'123456',0),(238,3,'123456',0),(238,5,'123456',0),(239,3,'123456',0),(239,5,'123456',0),(240,3,'123456',0),(240,4,'123456',0),(240,5,'123456',0),(241,3,'123456',0),(241,4,'123456',0),(241,5,'123456',0),(243,3,'123456',0),(244,3,'123456',0),(245,3,'123456',0),(245,5,'123456',0),(246,3,'123456',0),(246,4,'123456',0),(246,5,'123456',0),(247,3,'123456',0),(248,4,'123456',0),(248,5,'123456',0),(249,3,'123456',0),(249,4,'123456',0),(250,3,'123456',0),(252,4,'123456',0),(253,4,'123456',0),(254,4,'123456',0),(255,4,'123456',0),(256,4,'123456',0),(256,5,'123456',0),(257,4,'123456',0),(257,5,'123456',0),(258,4,'123456',0),(260,4,'123456',0),(261,4,'123456',0),(262,4,'123456',0),(263,4,'123456',0),(265,4,'123456',0),(265,5,'123456',0),(266,4,'123456',0),(267,4,'123456',0),(267,5,'123456',0),(268,4,'123456',0),(268,5,'123456',0),(269,4,'123456',0),(270,4,'123456',0),(272,4,'123456',0),(272,5,'123456',0),(273,4,'123456',0),(274,4,'123456',0),(275,4,'123456',0),(276,4,'123456',0),(277,4,'123456',0),(278,4,'123456',0),(279,4,'123456',0),(280,4,'123456',0),(281,4,'123456',0),(282,4,'123456',0),(282,5,'123456',0),(283,4,'123456',0),(283,5,'123456',0),(284,4,'123456',0),(298,5,'123456',0),(300,5,'123456',0),(301,5,'123456',0),(302,5,'123456',0),(303,5,'123456',0),(304,5,'123456',0),(305,5,'123456',0),(306,5,'123456',0),(307,5,'123456',0),(311,5,'123456',0),(313,5,'123456',0),(314,5,'123456',0),(317,5,'123456',0),(318,5,'123456',0);
/*!40000 ALTER TABLE `participation` ENABLE KEYS */;
UNLOCK TABLES;
COMMIT;

--
-- Table structure for table `present`
--

/*!40101 SET @saved_cs_client     = @@character_set_client */;
/*!40101 SET character_set_client = utf8 */;
CREATE TABLE `present` (
  `ENTERPRISE_id_enterprise` int(11) unsigned NOT NULL COMMENT 'PK enterprise',
  `PARTICIPANT_id_participant` int(11) unsigned NOT NULL COMMENT 'PK participant',
  `PURCHASING_FAIR_id_purchasing_fair` int(11) unsigned NOT NULL COMMENT 'PK participant',
  `present_details` longtext COMMENT 'Jours de présence',
  PRIMARY KEY (`ENTERPRISE_id_enterprise`,`PARTICIPANT_id_participant`,`PURCHASING_FAIR_id_purchasing_fair`),
  KEY `fk_present_participant` (`PARTICIPANT_id_participant`),
  KEY `fk_present_purchasing_fair` (`PURCHASING_FAIR_id_purchasing_fair`),
  CONSTRAINT `fk_present_enterprise` FOREIGN KEY (`ENTERPRISE_id_enterprise`) REFERENCES `enterprise` (`id_enterprise`),
  CONSTRAINT `fk_present_participant` FOREIGN KEY (`PARTICIPANT_id_participant`) REFERENCES `participant` (`id_participant`),
  CONSTRAINT `fk_present_purchasing_fair` FOREIGN KEY (`PURCHASING_FAIR_id_purchasing_fair`) REFERENCES `purchasing_fair` (`id_purchasing_fair`)
) ENGINE=InnoDB DEFAULT CHARSET=utf8;
/*!40101 SET character_set_client = @saved_cs_client */;

--
-- Dumping data for table `present`
--

LOCK TABLES `present` WRITE;
/*!40000 ALTER TABLE `present` DISABLE KEYS */;
SET autocommit=0;
INSERT INTO `present` VALUES (1,2,6,'[\"2018-09-17\"]'),(3,210,5,'[\"2018-10-01\"]'),(3,211,5,'[\"2018-10-01\"]'),(5,235,5,'[]'),(5,237,5,'[]'),(7,182,5,'[]'),(7,183,5,'[\"2018-10-02\",\"2018-10-03\",\"2018-10-05\"]'),(10,233,5,'[]'),(10,234,5,'[]'),(12,245,5,'[\"2018-10-01\"]'),(12,305,5,'[\"2018-10-01\"]'),(15,194,5,'[\"2018-10-04\",\"2018-10-01\",\"2018-10-02\"]'),(15,195,5,'[\"2018-10-04\",\"2018-10-01\",\"2018-10-02\"]'),(16,138,5,'[\"2018-10-01\",\"2018-10-03\"]'),(16,139,5,'[\"2018-10-01\",\"2018-10-03\"]'),(16,267,5,'[\"2018-10-01\",\"2018-10-03\"]'),(18,205,5,'[\"2018-10-02\"]'),(18,282,5,'[\"2018-10-02\"]'),(19,240,5,'[]'),(19,241,5,'[]'),(21,268,5,'[]'),(21,313,5,'[]'),(23,232,5,'[\"2018-10-12\"]'),(24,174,5,'[]'),(24,300,5,'[]'),(25,167,5,'[\"2018-10-01\"]'),(26,193,5,'[\"2018-10-01\",\"2018-10-02\",\"2018-10-03\",\"2018-10-04\"]'),(27,197,5,'[\"2018-10-03\",\"2018-10-04\",\"2018-10-05\"]'),(27,198,5,'[\"2018-10-03\",\"2018-10-04\",\"2018-10-05\"]'),(30,153,5,'[\"2018-10-01\",\"2018-10-04\"]'),(30,157,5,'[\"2018-10-01\",\"2018-10-04\"]'),(32,256,5,'[\"2018-10-01\",\"2018-10-05\"]'),(33,207,5,'[]'),(34,168,5,'[\"2018-10-01\"]'),(34,169,5,'[\"2018-10-01\"]'),(39,170,5,'[\"2018-10-01\",\"2018-10-02\",\"2018-10-03\"]'),(42,184,5,'[\"2018-10-02\",\"2018-10-04\"]'),(42,185,5,'[\"2018-10-02\",\"2018-10-04\"]'),(43,238,5,'[]'),(43,239,5,'[]'),(45,218,5,'[]'),(45,219,5,'[]'),(46,209,5,'[]'),(47,220,5,'[\"2018-10-04\"]'),(48,221,5,'[\"2018-10-01\",\"2018-10-03\"]'),(48,283,5,'[\"2018-10-01\",\"2018-10-03\"]'),(115,196,5,'[\"2018-10-01\"]'),(117,171,5,'[\"2018-10-01\"]'),(119,176,5,'[\"2018-10-01\",\"2018-10-02\"]'),(129,303,5,'[\"2018-10-01\",\"2018-10-02\",\"2018-10-03\"]');
/*!40000 ALTER TABLE `present` ENABLE KEYS */;
UNLOCK TABLES;
COMMIT;

--
-- Table structure for table `profile`
--

/*!40101 SET @saved_cs_client     = @@character_set_client */;
/*!40101 SET character_set_client = utf8 */;
CREATE TABLE `profile` (
  `id_profile` int(11) unsigned NOT NULL AUTO_INCREMENT COMMENT 'PK',
  `name_profile` varchar(50) NOT NULL COMMENT 'Nom du profil',
  `date_deletion_profile` datetime DEFAULT NULL COMMENT 'AAAA-MM-JJ HH:MM:SS',
  PRIMARY KEY (`id_profile`),
  UNIQUE KEY `ux_name_profile` (`name_profile`)
) ENGINE=InnoDB AUTO_INCREMENT=5 DEFAULT CHARSET=utf8;
/*!40101 SET character_set_client = @saved_cs_client */;

--
-- Dumping data for table `profile`
--

LOCK TABLES `profile` WRITE;
/*!40000 ALTER TABLE `profile` DISABLE KEYS */;
SET autocommit=0;
INSERT INTO `profile` VALUES (1,'Fournisseur',NULL),(2,'Magasin',NULL),(3,'Service Informatique',NULL),(4,'Service Textile',NULL);
/*!40000 ALTER TABLE `profile` ENABLE KEYS */;
UNLOCK TABLES;
COMMIT;

--
-- Table structure for table `provider_present`
--

/*!40101 SET @saved_cs_client     = @@character_set_client */;
/*!40101 SET character_set_client = utf8 */;
CREATE TABLE `provider_present` (
  `PROVIDER_id_enterprise` int(11) unsigned NOT NULL COMMENT 'PK/FK',
  `PURCHASING_FAIR_id_purchasing_fair` int(11) unsigned NOT NULL COMMENT 'PK/FK',
  PRIMARY KEY (`PROVIDER_id_enterprise`,`PURCHASING_FAIR_id_purchasing_fair`),
  KEY `fk_pp_pf` (`PURCHASING_FAIR_id_purchasing_fair`),
  CONSTRAINT `fk_pp_pf` FOREIGN KEY (`PURCHASING_FAIR_id_purchasing_fair`) REFERENCES `purchasing_fair` (`id_purchasing_fair`),
  CONSTRAINT `fk_pp_ent` FOREIGN KEY (`PROVIDER_id_enterprise`) REFERENCES `enterprise` (`id_enterprise`)
) ENGINE=InnoDB DEFAULT CHARSET=utf8;
/*!40101 SET character_set_client = @saved_cs_client */;

--
-- Dumping data for table `provider_present`
--

LOCK TABLES `provider_present` WRITE;
/*!40000 ALTER TABLE `provider_present` DISABLE KEYS */;
SET autocommit=0;
INSERT INTO `provider_present` VALUES (51,4),(52,4),(53,4),(54,4),(55,4),(56,4),(57,4),(58,4),(59,4),(60,4),(61,4),(62,4),(63,4),(64,4),(65,4),(66,4),(67,4),(68,4),(69,4),(70,4),(71,4),(73,4),(74,4),(75,4),(76,4),(77,4),(121,4),(122,4),(123,4),(124,4),(125,4),(126,4),(127,4),(56,5),(80,5),(81,5),(82,5),(83,5),(85,5),(87,5),(88,5),(89,5),(91,5),(92,5),(93,5),(94,5),(95,5),(96,5),(97,5),(98,5),(99,5),(106,5),(107,5),(108,5),(112,5),(113,5),(114,5),(131,5);
/*!40000 ALTER TABLE `provider_present` ENABLE KEYS */;
UNLOCK TABLES;
COMMIT;

--
-- Table structure for table `purchasing_fair`
--

/*!40101 SET @saved_cs_client     = @@character_set_client */;
/*!40101 SET character_set_client = utf8 */;
CREATE TABLE `purchasing_fair` (
  `id_purchasing_fair` int(11) unsigned NOT NULL AUTO_INCREMENT COMMENT 'PK',
  `name_purchasing_fair` varchar(50) NOT NULL COMMENT 'Nom affiché',
  `hex_color` char(7) NOT NULL COMMENT 'Couleur de fond #123456',
  `start_datetime` datetime NOT NULL COMMENT 'AAAA-MM-JJ HH:MM:SS',
  `end_datetime` datetime NOT NULL COMMENT 'AAAA-MM-JJ HH:MM:SS',
  `lunch_break` time NOT NULL COMMENT 'HH:MM:SS',
  `TYPEOF_PF_id_typeof_pf` int(11) unsigned NOT NULL COMMENT 'FK',
  `registration_closing_date` datetime NOT NULL COMMENT 'AAAA-MM-JJ HH:MM:SS',
  `date_deletion_purchasing_fair` datetime DEFAULT NULL COMMENT 'AAAA-MM-JJ HH:MM:SS',
  PRIMARY KEY (`id_purchasing_fair`),
  UNIQUE KEY `ux_name_start_end_datetime` (`name_purchasing_fair`,`start_datetime`,`end_datetime`),
  KEY `ix_pf_TYPEOF_PF_id_typeof_pf` (`TYPEOF_PF_id_typeof_pf`),
  CONSTRAINT `fk_purchasing_fair_typeof_pf` FOREIGN KEY (`TYPEOF_PF_id_typeof_pf`) REFERENCES `typeof_pf` (`id_typeof_pf`)
) ENGINE=InnoDB AUTO_INCREMENT=7 DEFAULT CHARSET=utf8;
/*!40101 SET character_set_client = @saved_cs_client */;

--
-- Dumping data for table `purchasing_fair`
--

LOCK TABLES `purchasing_fair` WRITE;
/*!40000 ALTER TABLE `purchasing_fair` DISABLE KEYS */;
SET autocommit=0;
INSERT INTO `purchasing_fair` VALUES (1,'test','#0b70b5','2019-08-01 00:00:00','2020-08-04 00:00:00','20:00:00',1,'2012-01-01 01:02:03',NULL),(2,'AH 18 SAISONNIER CHAUSSURE','#e98a13','2018-02-05 08:00:00','2018-02-16 19:00:00','12:00:00',1,'2018-01-02 00:00:00',NULL),(3,'SALON PERMANENT AH18','#2c2daf','2018-03-26 08:00:00','2018-04-06 19:00:00','13:00:00',1,'2018-02-09 12:00:00',NULL),(4,'SALON REGIONAL SAISONNIER-CHAUSSURE PE19','#6eb5e5','2018-09-03 08:00:00','2018-09-14 19:00:00','13:00:00',1,'2018-06-27 11:30:00',NULL),(5,'SALON VÊTEMENT DE DESSOUS PE19','#0b70b5','2018-10-01 08:00:00','2018-10-12 19:00:00','13:00:00',1,'2018-09-12 14:50:00',NULL),(6,'test autre','#e0cc16','2018-09-17 08:00:00','2018-09-21 19:00:00','12:00:00',2,'2018-09-14 18:00:00',NULL);
/*!40000 ALTER TABLE `purchasing_fair` ENABLE KEYS */;
UNLOCK TABLES;
COMMIT;

--
-- Table structure for table `qrcode_scan`
--

/*!40101 SET @saved_cs_client     = @@character_set_client */;
/*!40101 SET character_set_client = utf8 */;
CREATE TABLE `qrcode_scan` (
  `id_qrcode_scan` int(11) unsigned NOT NULL AUTO_INCREMENT COMMENT 'PK',
  `PURCHASING_FAIR_id_purchasing_fair` int(11) unsigned NOT NULL COMMENT 'FK',
  `ENTERPRISE_id_enterprise` int(11) unsigned NOT NULL COMMENT 'FK',
  `PARTICIPANT_id_participant` int(11) unsigned NOT NULL COMMENT 'FK',
  `scan_datetime` datetime NOT NULL COMMENT 'Datetime de scan',
  PRIMARY KEY (`id_qrcode_scan`),
  KEY `ix_qrcode_scan_pf` (`PURCHASING_FAIR_id_purchasing_fair`),
  KEY `ix_qrcode_scan_ent` (`ENTERPRISE_id_enterprise`),
  KEY `ix_qrcode_scan_part` (`PARTICIPANT_id_participant`),
  CONSTRAINT `fk_qrcode_scan_participant` FOREIGN KEY (`PARTICIPANT_id_participant`) REFERENCES `participant` (`id_participant`),
  CONSTRAINT `fk_qrcode_scan_enterprise` FOREIGN KEY (`ENTERPRISE_id_enterprise`) REFERENCES `enterprise` (`id_enterprise`),
  CONSTRAINT `fk_qrcode_scan_pf` FOREIGN KEY (`PURCHASING_FAIR_id_purchasing_fair`) REFERENCES `purchasing_fair` (`id_purchasing_fair`)
) ENGINE=InnoDB DEFAULT CHARSET=utf8;
/*!40101 SET character_set_client = @saved_cs_client */;

--
-- Dumping data for table `qrcode_scan`
--

LOCK TABLES `qrcode_scan` WRITE;
/*!40000 ALTER TABLE `qrcode_scan` DISABLE KEYS */;
SET autocommit=0;
/*!40000 ALTER TABLE `qrcode_scan` ENABLE KEYS */;
UNLOCK TABLES;
COMMIT;

--
-- Table structure for table `requirement`
--

/*!40101 SET @saved_cs_client     = @@character_set_client */;
/*!40101 SET character_set_client = utf8 */;
CREATE TABLE `requirement` (
  `id_requirement` int(11) unsigned NOT NULL AUTO_INCREMENT COMMENT 'PK',
  `ENTERPRISE_STORE_id_enterprise` int(11) unsigned NOT NULL COMMENT 'FK',
  `ENTERPRISE_PROVIDER_id_enterprise` int(11) unsigned NOT NULL COMMENT 'FK',
  `PURCHASING_FAIR_id_purchasing_fair` int(11) unsigned NOT NULL COMMENT 'FK',
  `number_of_hours` decimal(4,2) unsigned zerofill DEFAULT NULL,
  PRIMARY KEY (`id_requirement`),
  UNIQUE KEY `ux_requirement` (`ENTERPRISE_STORE_id_enterprise`,`ENTERPRISE_PROVIDER_id_enterprise`,`PURCHASING_FAIR_id_purchasing_fair`),
  KEY `ix_requirement_ENTERPRISE_STORE_id_enterprise` (`ENTERPRISE_STORE_id_enterprise`),
  KEY `ix_requirement_ENTERPRISE_PROVIDER_id_enterprise` (`ENTERPRISE_PROVIDER_id_enterprise`),
  KEY `ix_requirement_PURCHASING_FAIR_id_purchasing_fair` (`PURCHASING_FAIR_id_purchasing_fair`),
  CONSTRAINT `fk_requirement_enterprise_provider` FOREIGN KEY (`ENTERPRISE_PROVIDER_id_enterprise`) REFERENCES `enterprise` (`id_enterprise`),
  CONSTRAINT `fk_requirement_enterprise_store` FOREIGN KEY (`ENTERPRISE_STORE_id_enterprise`) REFERENCES `enterprise` (`id_enterprise`),
  CONSTRAINT `fk_requirement_purchasing_fair` FOREIGN KEY (`PURCHASING_FAIR_id_purchasing_fair`) REFERENCES `purchasing_fair` (`id_purchasing_fair`)
) ENGINE=InnoDB AUTO_INCREMENT=1594 DEFAULT CHARSET=utf8;
/*!40101 SET character_set_client = @saved_cs_client */;

--
-- Dumping data for table `requirement`
--

LOCK TABLES `requirement` WRITE;
/*!40000 ALTER TABLE `requirement` DISABLE KEYS */;
SET autocommit=0;
INSERT INTO `requirement` VALUES (1,1,51,1,05.00),(5,1,53,1,01.00),(6,1,51,2,05.00),(7,1,54,2,03.00),(9,4,69,2,02.00),(10,4,73,2,01.00),(11,4,55,2,01.00),(12,4,57,2,03.00),(13,2,80,3,02.00),(14,2,81,3,01.00),(15,2,82,3,03.00),(16,2,56,3,01.00),(18,2,97,3,01.00),(19,2,85,3,02.00),(20,2,87,3,01.00),(21,2,95,3,01.00),(22,2,88,3,01.00),(23,2,99,3,01.00),(24,2,89,3,01.00),(25,2,92,3,02.00),(26,2,93,3,02.00),(27,16,80,3,01.00),(28,16,83,3,01.00),(29,16,93,3,02.00),(30,16,82,3,02.00),(31,16,97,3,01.00),(33,16,87,3,02.00),(34,16,88,3,01.00),(35,16,90,3,01.00),(36,16,99,3,01.00),(37,16,92,3,01.00),(38,16,94,3,01.00),(39,17,80,3,01.50),(40,17,81,3,01.00),(41,17,83,3,01.00),(42,17,93,3,01.00),(43,17,82,3,03.00),(44,17,56,3,01.00),(45,17,97,3,02.00),(46,17,85,3,01.00),(47,17,87,3,01.00),(48,17,90,3,01.00),(49,17,99,3,02.00),(50,17,91,3,01.00),(51,17,92,3,01.00),(52,17,94,3,01.00),(53,31,80,3,01.00),(54,31,81,3,01.00),(55,31,93,3,01.00),(56,31,82,3,01.00),(57,31,92,3,02.00),(58,36,80,3,01.00),(59,36,83,3,01.00),(60,36,82,3,02.00),(61,36,56,3,01.00),(62,36,97,3,01.00),(63,36,85,3,01.00),(64,36,98,3,01.00),(65,36,87,3,01.00),(66,36,95,3,01.00),(67,36,88,3,01.00),(68,36,90,3,01.00),(69,36,89,3,01.00),(70,36,99,3,01.00),(71,36,92,3,02.00),(72,36,94,3,01.00),(73,30,80,3,02.00),(74,30,82,3,02.00),(75,30,97,3,01.00),(76,30,87,3,01.00),(77,30,95,3,02.00),(78,30,89,3,01.00),(81,30,99,3,02.00),(82,30,92,3,02.00),(83,30,93,3,01.00),(84,22,80,3,02.50),(85,22,56,3,01.50),(86,22,82,3,02.00),(87,22,99,3,03.00),(88,22,94,3,02.00),(89,22,87,3,03.00),(90,22,93,3,02.00),(91,22,97,3,02.00),(92,22,95,3,02.00),(93,22,92,3,04.00),(94,22,85,3,02.00),(95,22,83,3,02.00),(96,22,90,3,01.00),(97,6,81,3,01.00),(98,6,82,3,01.00),(99,6,97,3,01.00),(100,6,94,3,01.00),(102,24,81,3,01.00),(105,24,56,3,01.00),(108,24,94,3,01.00),(111,24,82,3,02.00),(112,25,94,3,02.00),(115,25,97,3,01.00),(117,34,80,3,01.00),(118,34,82,3,01.00),(119,34,97,3,01.00),(120,34,98,3,01.00),(121,34,95,3,01.00),(122,34,89,3,01.00),(123,34,99,3,01.00),(124,39,80,3,03.00),(125,39,81,3,01.00),(126,39,82,3,05.00),(128,39,97,3,02.00),(129,39,85,3,01.00),(131,39,90,3,01.00),(132,39,99,3,01.00),(133,39,92,3,01.00),(134,39,94,3,02.00),(136,39,83,3,01.00),(138,13,92,3,01.00),(139,13,82,3,01.00),(141,13,93,3,01.00),(142,13,80,3,01.00),(150,35,80,3,02.00),(151,35,82,3,04.00),(152,35,56,3,02.00),(153,35,87,3,03.00),(154,44,80,3,01.00),(155,35,99,3,02.00),(156,35,92,3,02.00),(157,44,81,3,01.00),(158,35,94,3,02.00),(159,44,82,3,02.00),(160,44,56,3,01.00),(161,35,93,3,01.00),(162,44,97,3,01.00),(163,44,85,3,01.00),(164,44,87,3,01.00),(165,44,99,3,01.00),(166,35,88,3,01.00),(167,44,92,3,01.00),(168,35,95,3,01.00),(169,44,94,3,01.00),(170,44,93,3,01.00),(171,44,95,3,01.00),(172,7,80,3,02.00),(173,7,81,3,01.50),(175,7,93,3,02.00),(176,7,82,3,03.00),(177,7,56,3,01.50),(178,7,97,3,02.00),(179,7,85,3,01.50),(180,7,95,3,02.00),(181,7,90,3,01.00),(182,7,99,3,02.00),(183,7,92,3,02.00),(184,7,94,3,02.00),(186,7,83,3,01.50),(187,42,57,2,01.00),(188,42,55,2,01.00),(189,42,77,2,01.00),(190,42,63,2,01.00),(191,42,65,2,01.00),(192,42,54,2,01.00),(193,27,81,3,01.00),(194,27,83,3,02.00),(195,1,80,3,03.00),(196,1,81,3,01.00),(197,1,83,3,01.00),(198,1,93,3,03.00),(199,1,106,3,01.00),(200,1,82,3,01.00),(201,1,107,3,01.00),(202,1,56,3,01.00),(203,1,85,3,01.00),(204,1,98,3,01.00),(205,1,87,3,01.00),(206,1,95,3,01.00),(207,1,94,3,01.00),(208,1,92,3,02.00),(209,1,99,3,02.00),(210,1,91,3,01.00),(211,25,108,3,01.00),(212,25,109,3,01.00),(213,25,93,3,01.00),(214,25,107,3,01.00),(215,26,111,3,01.50),(216,26,83,3,02.00),(217,26,113,3,01.00),(218,26,93,3,01.00),(219,26,108,3,01.00),(220,26,82,3,01.00),(221,26,107,3,01.00),(223,26,56,3,01.50),(224,26,97,3,01.50),(225,26,85,3,02.00),(226,26,98,3,01.50),(227,26,87,3,02.00),(228,26,95,3,01.50),(229,26,90,3,01.00),(230,26,99,3,02.00),(231,47,80,3,01.00),(232,47,81,3,01.00),(233,47,113,3,01.00),(234,47,108,3,01.00),(235,47,106,3,01.00),(236,47,82,3,01.00),(237,47,56,3,01.00),(238,47,95,3,01.00),(239,47,89,3,01.00),(240,47,99,3,01.00),(242,47,92,3,01.00),(243,47,97,3,01.00),(244,47,83,3,01.00),(245,47,111,3,01.00),(247,39,112,3,01.00),(248,3,111,3,01.00),(249,3,107,3,01.00),(250,3,108,3,01.00),(251,3,112,3,01.00),(252,3,93,3,01.00),(253,3,85,3,01.00),(254,3,87,3,01.00),(255,3,92,3,01.00),(256,3,97,3,01.00),(257,3,94,3,01.00),(258,15,111,3,02.00),(259,15,81,3,01.00),(260,15,83,3,02.00),(261,15,112,3,02.00),(262,15,108,3,04.00),(263,15,56,3,02.00),(264,15,97,3,01.00),(265,15,87,3,01.00),(266,15,95,3,02.00),(267,15,99,3,02.00),(268,15,92,3,02.00),(269,115,87,3,01.00),(270,27,111,3,03.00),(271,27,113,3,02.00),(272,27,112,3,02.00),(273,27,108,3,03.00),(274,27,97,3,02.00),(276,27,85,3,01.00),(277,27,98,3,01.00),(278,27,87,3,03.00),(279,27,90,3,01.00),(280,27,99,3,02.00),(281,27,91,3,01.00),(282,27,92,3,02.00),(283,27,94,3,02.00),(284,42,80,3,02.00),(285,42,83,3,01.50),(286,42,108,3,04.00),(287,42,97,3,02.00),(288,42,85,3,01.00),(289,42,98,3,01.00),(290,42,87,3,01.00),(291,42,89,3,01.50),(292,42,99,3,01.00),(294,42,92,3,02.00),(295,42,94,3,02.00),(296,42,56,3,01.50),(297,8,111,3,01.00),(299,8,81,3,01.00),(302,8,109,3,01.00),(303,38,109,3,01.00),(304,8,110,3,01.00),(305,38,110,3,01.00),(306,38,81,3,01.00),(307,38,83,3,01.00),(308,38,113,3,01.00),(309,8,83,3,01.00),(310,38,112,3,01.00),(311,8,112,3,01.00),(314,8,108,3,02.00),(315,8,82,3,01.00),(316,8,107,3,02.00),(317,8,85,3,01.00),(318,8,88,3,01.00),(319,38,88,3,01.00),(320,8,90,3,01.00),(321,38,90,3,01.00),(322,8,89,3,01.00),(323,38,89,3,01.00),(324,38,99,3,02.00),(325,8,99,3,02.00),(326,8,92,3,02.00),(327,38,92,3,02.00),(328,8,94,3,02.00),(329,38,94,3,02.00),(330,38,107,3,02.00),(331,38,82,3,01.00),(333,33,109,3,01.50),(334,33,83,3,01.00),(335,33,108,3,02.50),(336,18,80,3,02.00),(337,33,56,3,01.00),(338,33,97,3,02.00),(339,18,81,3,01.00),(340,18,93,3,02.00),(341,18,108,3,02.00),(342,33,98,3,01.50),(343,18,90,3,01.00),(344,33,87,3,02.00),(345,18,92,3,02.00),(346,18,94,3,01.00),(347,33,99,3,02.00),(348,18,97,3,01.00),(349,33,91,3,01.00),(350,33,92,3,03.00),(351,33,94,3,02.00),(354,46,80,3,02.00),(355,46,83,3,01.00),(356,46,113,3,01.00),(357,46,93,3,01.00),(358,46,108,3,02.00),(359,46,82,3,01.00),(360,46,56,3,01.50),(363,46,97,3,01.00),(364,46,98,3,01.00),(365,46,87,3,01.00),(366,46,95,3,02.00),(367,46,90,3,01.00),(368,46,99,3,02.00),(369,46,92,3,02.00),(370,46,94,3,02.00),(371,3,99,3,01.00),(372,3,83,3,01.00),(373,21,80,3,01.00),(374,21,81,3,01.00),(375,21,112,3,01.00),(376,21,108,3,01.00),(377,21,85,3,01.00),(378,21,93,3,01.00),(379,21,106,3,01.00),(380,21,107,3,01.00),(381,21,99,3,01.00),(382,21,87,3,01.00),(383,21,91,3,01.00),(384,42,114,3,01.50),(385,21,92,3,01.00),(386,21,97,3,01.00),(387,20,80,3,01.00),(388,21,94,3,01.00),(390,21,111,3,01.00),(391,21,109,3,01.00),(392,21,114,3,01.00),(393,20,83,3,01.00),(394,20,97,3,01.00),(395,20,92,3,01.00),(396,20,89,3,01.00),(397,20,87,3,01.00),(398,20,94,3,02.00),(399,20,108,3,01.00),(400,20,82,3,01.00),(401,20,107,3,01.00),(402,20,95,3,02.00),(403,20,90,3,01.00),(404,20,99,3,01.00),(405,32,80,3,02.00),(406,32,81,3,01.00),(407,32,112,3,01.00),(408,32,96,3,01.00),(409,32,108,3,02.00),(410,32,107,3,02.00),(411,32,97,3,02.00),(412,32,85,3,01.00),(413,32,98,3,01.00),(414,32,87,3,01.00),(415,32,95,3,01.00),(416,32,90,3,01.00),(417,32,91,3,02.00),(418,32,92,3,02.00),(419,32,94,3,02.00),(420,10,111,3,02.00),(421,10,82,3,03.00),(422,10,112,3,01.00),(423,10,81,3,01.00),(424,10,96,3,01.00),(425,10,56,3,01.00),(426,10,85,3,01.00),(427,10,87,3,01.00),(428,10,95,3,03.00),(429,10,92,3,01.00),(430,10,99,3,01.00),(431,10,89,3,01.00),(432,10,97,3,01.00),(433,11,111,3,01.00),(434,11,112,3,01.00),(435,11,82,3,01.00),(436,11,87,3,01.00),(437,11,95,3,01.00),(438,11,90,3,01.00),(439,11,99,3,01.00),(440,7,98,3,01.00),(442,24,80,3,01.50),(443,24,92,3,01.50),(444,24,112,3,01.50),(445,24,99,3,01.50),(446,45,111,3,02.00),(447,45,83,3,02.00),(450,45,112,3,02.00),(451,45,108,3,03.00),(452,45,56,3,02.00),(453,45,87,3,02.00),(454,45,99,3,02.00),(455,45,92,3,02.00),(456,45,94,3,02.00),(457,45,97,3,02.00),(458,48,106,3,01.00),(459,48,111,3,01.00),(460,48,109,3,01.00),(461,48,83,3,01.50),(462,48,93,3,01.00),(463,48,112,3,01.00),(464,48,108,3,01.00),(465,48,56,3,01.00),(466,48,97,3,01.50),(467,48,87,3,01.00),(468,48,99,3,01.50),(469,48,92,3,01.00),(470,48,94,3,01.00),(471,117,93,3,02.00),(472,117,56,3,02.00),(473,117,87,3,03.00),(474,117,114,3,01.00),(475,28,80,3,03.00),(476,41,111,3,03.00),(477,28,81,3,01.00),(478,41,81,3,01.00),(479,28,83,3,01.50),(480,41,83,3,01.50),(481,41,112,3,03.00),(482,28,112,3,03.00),(483,41,107,3,04.00),(484,28,107,3,04.00),(485,41,56,3,01.50),(486,28,56,3,01.50),(487,41,97,3,02.00),(488,28,97,3,02.00),(489,41,98,3,01.50),(490,28,98,3,01.50),(491,41,87,3,02.50),(492,28,87,3,02.50),(493,41,99,3,02.00),(494,28,99,3,04.00),(495,41,91,3,01.00),(496,28,91,3,01.00),(497,28,92,3,02.00),(498,41,92,3,02.00),(499,28,94,3,01.50),(500,41,94,3,01.50),(501,40,110,3,01.50),(502,40,81,3,01.50),(503,23,89,3,01.50),(505,23,80,3,01.00),(506,23,90,3,01.50),(507,40,83,3,02.00),(508,40,113,3,01.00),(509,23,98,3,01.50),(510,40,112,3,02.00),(511,40,108,3,04.00),(512,37,80,3,02.00),(514,40,85,3,01.50),(515,119,114,3,02.00),(516,23,92,3,01.00),(517,119,93,3,02.00),(518,40,88,3,01.50),(519,119,106,3,01.50),(520,40,90,3,01.00),(521,119,96,3,01.00),(522,40,91,3,01.00),(523,119,87,3,01.00),(524,40,89,3,01.00),(525,119,99,3,03.00),(526,23,95,3,02.00),(527,40,92,3,02.00),(528,119,97,3,01.50),(529,37,113,3,02.00),(530,40,94,3,02.00),(531,37,108,3,02.50),(534,37,56,3,01.00),(535,37,97,3,01.50),(536,37,87,3,01.00),(537,23,99,3,01.00),(538,37,95,3,01.50),(539,37,99,3,01.50),(541,37,81,3,01.00),(542,120,80,3,03.00),(543,120,107,3,03.00),(544,120,56,3,02.00),(546,120,87,3,03.00),(547,120,95,3,01.00),(548,120,90,3,01.00),(549,120,98,3,01.00),(550,5,80,3,02.00),(552,5,83,3,01.50),(553,5,108,3,02.50),(554,5,56,3,01.00),(555,5,98,3,01.50),(556,5,87,3,01.00),(557,5,95,3,02.50),(558,5,99,3,01.50),(559,5,94,3,02.00),(560,5,97,3,01.50),(561,43,111,3,01.00),(562,43,110,3,01.00),(563,43,108,3,02.00),(564,43,97,3,01.50),(565,43,98,3,01.00),(566,43,87,3,01.50),(567,43,95,3,01.50),(568,43,90,3,01.00),(569,43,99,3,02.00),(570,43,92,3,01.50),(571,43,94,3,01.00),(572,19,109,3,01.50),(574,19,81,3,01.00),(575,19,112,3,01.50),(576,19,108,3,01.00),(577,19,107,3,01.00),(578,19,97,3,01.50),(579,19,85,3,01.00),(580,19,87,3,02.00),(581,19,95,3,02.00),(582,19,90,3,01.00),(583,19,99,3,02.00),(584,19,91,3,01.00),(585,19,94,3,01.50),(586,12,109,3,01.00),(587,12,110,3,01.00),(588,12,112,3,01.00),(589,12,108,3,01.00),(590,12,107,3,01.00),(591,12,56,3,01.00),(592,12,99,3,02.00),(593,12,92,3,01.00),(595,14,109,3,02.00),(596,14,113,3,01.00),(598,14,108,3,01.00),(599,14,82,3,01.00),(600,14,56,3,01.00),(601,14,97,3,01.00),(602,14,95,3,01.00),(603,14,99,3,01.00),(604,14,92,3,02.00),(605,14,94,3,01.00),(606,14,107,3,01.00),(607,14,112,3,02.00),(608,9,111,3,01.00),(609,9,81,3,01.00),(611,9,108,3,01.00),(614,9,88,3,01.00),(615,9,89,3,01.00),(616,9,99,3,01.00),(617,9,107,3,01.00),(618,33,54,4,01.00),(620,33,57,4,02.00),(621,33,63,4,01.00),(622,33,66,4,01.50),(623,33,69,4,01.00),(624,33,70,4,01.00),(625,33,74,4,02.00),(626,33,76,4,03.00),(627,25,52,4,01.50),(628,25,54,4,01.00),(629,25,59,4,01.00),(630,25,68,4,01.00),(631,25,63,4,01.00),(632,25,77,4,01.50),(633,6,54,4,02.00),(634,6,62,4,01.00),(635,2,64,4,01.50),(636,2,66,4,01.50),(637,2,76,4,02.00),(638,2,73,4,02.00),(639,32,57,4,01.00),(640,32,63,4,01.00),(641,32,64,4,02.00),(642,22,57,4,04.00),(643,22,52,4,02.00),(644,22,63,4,02.00),(645,22,66,4,02.50),(646,22,68,4,01.50),(647,22,59,4,01.00),(648,22,54,4,01.50),(649,22,74,4,04.00),(650,22,76,4,03.00),(651,22,127,4,04.00),(652,22,70,4,02.00),(653,22,126,4,01.50),(655,116,55,4,01.50),(656,116,57,4,02.00),(657,116,63,4,02.00),(658,116,68,4,02.00),(659,116,71,4,01.50),(660,116,74,4,05.00),(661,116,75,4,02.00),(662,116,76,4,07.00),(663,116,127,4,06.00),(665,120,69,4,02.00),(666,120,70,4,02.00),(667,120,71,4,02.00),(668,120,73,4,01.00),(669,119,54,4,01.00),(670,120,74,4,03.00),(671,119,56,4,02.50),(672,120,75,4,01.00),(673,119,59,4,01.00),(674,120,76,4,04.00),(675,119,64,4,02.50),(676,120,127,4,03.00),(677,119,66,4,01.00),(678,119,53,4,01.00),(679,119,60,4,01.00),(680,32,66,4,02.00),(681,32,70,4,02.00),(682,32,73,4,01.00),(683,32,74,4,01.00),(684,32,77,4,01.00),(685,11,55,4,01.00),(686,11,57,4,01.00),(687,11,64,4,01.00),(688,11,67,4,01.00),(689,11,69,4,01.00),(690,11,70,4,01.00),(691,11,74,4,01.00),(692,45,52,4,02.00),(693,45,54,4,02.00),(694,45,57,4,02.00),(697,45,63,4,02.00),(700,45,70,4,02.00),(701,45,73,4,02.00),(702,45,74,4,02.00),(703,45,76,4,02.00),(704,45,127,4,02.00),(705,45,126,4,02.00),(706,45,124,4,02.00),(707,45,56,4,01.50),(708,45,64,4,01.00),(709,23,52,4,01.50),(710,23,54,4,02.00),(711,23,68,4,02.00),(712,23,66,4,01.00),(713,23,69,4,02.00),(714,23,74,4,01.50),(715,23,73,4,01.50),(716,23,70,4,01.00),(717,23,77,4,01.00),(718,23,127,4,01.00),(719,41,74,4,02.50),(720,41,73,4,02.00),(722,41,127,4,01.00),(723,41,54,4,01.50),(724,41,57,4,03.00),(725,41,68,4,01.50),(726,41,77,4,01.50),(727,41,63,4,02.00),(729,28,73,4,02.00),(731,28,54,4,01.50),(732,28,57,4,03.00),(733,28,68,4,01.50),(734,28,70,4,01.50),(735,41,70,4,01.50),(736,28,77,4,01.50),(738,41,66,4,03.00),(739,28,66,4,02.50),(740,28,64,4,01.50),(741,41,64,4,01.50),(742,28,63,4,02.00),(743,28,74,4,02.00),(744,40,52,4,01.50),(745,40,54,4,02.00),(746,40,57,4,02.00),(747,40,59,4,01.50),(748,40,63,4,01.50),(749,40,66,4,02.00),(750,40,65,4,02.00),(751,40,67,4,01.00),(752,40,122,4,01.00),(753,47,52,4,01.00),(754,47,54,4,01.00),(756,47,57,4,01.00),(757,47,63,4,01.00),(758,47,64,4,01.00),(759,47,65,4,01.00),(760,47,69,4,01.00),(761,47,70,4,01.00),(762,47,76,4,01.00),(763,46,51,4,01.00),(764,46,52,4,01.50),(765,46,54,4,02.00),(766,46,55,4,01.50),(767,46,56,4,01.50),(768,46,57,4,01.50),(769,46,59,4,01.50),(770,46,60,4,01.00),(771,46,63,4,01.50),(772,46,64,4,01.50),(773,46,66,4,02.50),(774,46,68,4,01.00),(775,46,69,4,01.00),(776,46,70,4,01.00),(777,46,71,4,01.00),(778,46,73,4,02.00),(779,46,74,4,03.00),(780,46,75,4,02.00),(781,46,76,4,03.00),(783,46,127,4,01.50),(784,24,51,4,01.00),(785,24,52,4,01.00),(787,24,57,4,02.00),(788,24,64,4,01.00),(789,24,74,4,02.00),(790,15,57,4,02.00),(791,15,63,4,02.00),(792,15,70,4,02.00),(793,15,74,4,02.00),(794,15,64,4,02.00),(795,15,77,4,02.00),(796,15,56,4,01.00),(797,15,65,4,01.00),(798,15,73,4,01.00),(799,5,57,4,02.00),(802,34,54,4,01.00),(804,34,63,4,01.00),(805,34,65,4,01.00),(806,34,66,4,01.00),(807,34,59,4,02.00),(808,5,66,4,01.50),(809,5,64,4,01.50),(810,5,63,4,01.00),(811,5,69,4,01.50),(812,5,76,4,01.50),(813,19,54,4,02.00),(814,19,57,4,02.00),(815,19,63,4,02.00),(816,19,64,4,01.00),(818,19,66,4,01.50),(819,19,70,4,01.50),(820,19,74,4,02.50),(821,19,76,4,01.00),(822,19,121,4,01.00),(823,19,127,4,01.50),(824,19,51,4,01.00),(825,19,126,4,01.00),(826,19,123,4,01.50),(838,117,54,4,01.00),(841,117,55,4,01.00),(842,117,57,4,02.00),(843,117,64,4,01.00),(844,117,66,4,02.00),(845,117,69,4,01.00),(846,117,70,4,01.00),(847,117,71,4,01.00),(848,117,74,4,01.00),(849,117,76,4,01.00),(850,117,127,4,01.00),(851,7,54,4,02.00),(852,7,57,4,02.00),(853,7,59,4,01.00),(854,7,63,4,01.00),(855,7,65,4,01.00),(856,7,68,4,01.00),(857,7,69,4,02.00),(858,7,70,4,02.00),(859,7,74,4,02.00),(860,7,127,4,01.00),(861,42,54,4,01.00),(862,42,55,4,01.00),(863,42,57,4,02.50),(864,42,63,4,01.00),(865,42,65,4,01.50),(866,42,66,4,01.00),(867,42,70,4,02.00),(868,42,74,4,01.00),(869,42,77,4,01.00),(870,17,54,4,02.00),(871,17,63,4,01.00),(872,17,66,4,01.50),(873,17,69,4,01.00),(874,17,71,4,01.00),(875,17,74,4,01.00),(876,17,76,4,01.00),(878,115,51,4,01.00),(879,115,52,4,01.00),(880,115,54,4,01.00),(881,115,57,4,02.00),(882,115,63,4,01.00),(883,115,77,4,01.00),(884,115,64,4,03.00),(885,115,55,4,01.00),(886,9,69,4,01.00),(887,9,70,4,01.00),(888,9,73,4,01.00),(889,9,75,4,01.00),(890,9,76,4,01.00),(891,9,74,4,01.00),(893,21,64,4,01.00),(894,21,66,4,02.00),(896,21,68,4,01.00),(897,21,69,4,01.00),(898,21,74,4,01.00),(899,21,73,4,01.00),(900,21,77,4,01.00),(902,16,54,4,02.00),(903,16,57,4,01.00),(904,16,64,4,01.00),(905,16,66,4,01.00),(906,16,67,4,01.00),(907,16,70,4,01.00),(908,16,74,4,01.00),(909,16,76,4,01.00),(910,44,54,4,01.00),(911,44,55,4,01.00),(912,44,57,4,02.00),(913,44,63,4,01.00),(914,44,66,4,01.00),(915,44,76,4,01.00),(916,1,54,4,01.00),(917,1,77,4,02.00),(919,1,51,4,01.00),(920,36,51,4,01.00),(921,1,56,4,01.00),(922,1,57,4,03.00),(923,36,52,4,01.00),(924,1,60,4,01.00),(925,36,54,4,01.00),(926,1,63,4,01.00),(927,36,55,4,01.00),(928,36,56,4,01.00),(929,1,67,4,01.00),(930,36,57,4,01.00),(931,1,64,4,01.00),(932,36,61,4,01.00),(933,36,63,4,01.50),(934,36,64,4,01.00),(935,36,66,4,01.50),(936,36,68,4,01.00),(937,36,69,4,01.00),(939,36,70,4,01.00),(940,36,73,4,01.50),(941,36,74,4,01.50),(942,36,75,4,01.00),(943,36,76,4,01.00),(944,36,77,4,01.00),(945,36,123,4,01.00),(946,10,63,4,02.50),(947,10,64,4,02.00),(948,10,66,4,02.50),(949,10,69,4,01.00),(950,10,74,4,02.00),(951,10,70,4,01.00),(952,10,53,4,02.00),(953,37,57,4,02.00),(954,37,64,4,01.00),(955,37,66,4,01.00),(956,37,70,4,02.00),(957,30,57,4,02.00),(959,30,54,4,01.50),(960,30,66,4,02.00),(961,30,69,4,01.50),(962,30,70,4,01.50),(963,30,76,4,01.50),(964,30,73,4,01.50),(965,2,57,4,01.00),(966,27,51,4,01.00),(967,27,52,4,01.00),(968,27,53,4,01.00),(969,27,63,4,01.00),(970,27,64,4,01.50),(971,27,67,4,01.00),(972,1,53,4,03.00),(973,1,61,4,01.00),(974,1,74,4,01.00),(975,1,76,4,02.00),(976,1,69,4,02.00),(977,1,70,4,01.00),(979,20,64,4,01.00),(981,20,66,4,01.50),(983,20,63,4,01.50),(984,20,60,4,01.00),(985,20,76,4,01.50),(986,20,69,4,01.50),(987,20,75,4,01.00),(990,20,52,4,01.50),(991,20,54,4,01.00),(992,20,127,4,01.00),(993,27,70,4,01.00),(994,27,71,4,01.00),(995,27,73,4,01.50),(996,27,74,4,02.00),(997,27,75,4,01.00),(998,27,76,4,03.00),(999,27,127,4,02.00),(1000,8,74,4,08.00),(1001,8,73,4,02.00),(1002,8,75,4,02.00),(1003,8,127,4,04.00),(1004,8,63,4,04.00),(1005,8,57,4,01.00),(1006,8,121,4,01.00),(1007,8,66,4,03.00),(1008,8,64,4,01.00),(1009,8,61,4,01.00),(1010,8,65,4,02.00),(1011,38,54,4,03.00),(1013,38,56,4,01.00),(1015,38,57,4,01.00),(1017,8,54,4,03.00),(1018,38,61,4,01.00),(1019,38,65,4,02.00),(1020,38,66,4,03.00),(1021,38,121,4,01.00),(1022,38,63,4,04.00),(1023,18,57,4,02.00),(1024,18,64,4,01.00),(1025,18,66,4,01.00),(1026,18,70,4,01.00),(1027,35,51,4,01.00),(1028,35,52,4,01.00),(1029,35,54,4,01.00),(1030,35,63,4,01.50),(1031,35,66,4,02.00),(1032,35,73,4,01.50),(1033,35,74,4,03.00),(1034,14,57,4,02.00),(1035,14,54,4,01.00),(1037,14,64,4,01.00),(1040,14,73,4,01.50),(1041,14,70,4,01.50),(1042,14,74,4,01.50),(1043,14,63,4,01.50),(1044,48,51,4,01.50),(1047,48,52,4,01.50),(1048,48,57,4,02.00),(1049,48,55,4,01.50),(1050,48,54,4,01.00),(1051,48,69,4,01.50),(1052,48,74,4,02.00),(1053,48,76,4,02.00),(1054,48,123,4,01.50),(1055,48,125,4,01.00),(1056,13,66,4,01.00),(1057,9,66,4,01.00),(1058,9,52,4,01.00),(1059,9,68,4,01.00),(1060,9,63,4,01.00),(1061,33,80,5,01.50),(1062,33,56,5,01.00),(1063,33,82,5,02.50),(1064,33,83,5,01.00),(1065,33,87,5,02.00),(1066,33,91,5,01.00),(1067,33,92,5,02.50),(1068,33,94,5,02.00),(1069,33,97,5,01.50),(1070,33,98,5,01.50),(1071,6,94,5,01.00),(1073,6,97,5,01.00),(1074,6,108,5,01.00),(1075,33,93,5,01.00),(1076,6,80,5,01.00),(1077,45,56,5,02.00),(1078,45,80,5,02.00),(1079,45,82,5,03.00),(1080,45,83,5,02.00),(1081,45,87,5,02.00),(1082,45,92,5,02.00),(1083,45,94,5,01.00),(1084,45,97,5,02.00),(1085,45,112,5,02.00),(1086,15,56,5,02.00),(1087,15,80,5,02.00),(1088,15,81,5,01.00),(1089,15,82,5,04.00),(1090,15,83,5,02.00),(1091,15,87,5,01.00),(1092,15,92,5,02.00),(1093,15,93,5,02.00),(1094,15,95,5,01.50),(1095,23,89,5,01.50),(1096,23,98,5,01.50),(1097,23,95,5,02.00),(1098,23,82,5,01.50),(1099,23,94,5,01.00),(1106,30,80,5,02.00),(1107,30,82,5,01.00),(1108,30,87,5,01.00),(1109,30,89,5,01.00),(1111,30,92,5,02.00),(1112,30,93,5,01.00),(1113,30,95,5,02.00),(1114,30,97,5,01.00),(1115,26,56,5,01.50),(1116,26,80,5,01.50),(1117,26,82,5,03.00),(1118,26,83,5,01.50),(1119,26,85,5,02.00),(1120,26,87,5,02.00),(1121,26,92,5,02.00),(1122,26,93,5,01.00),(1123,26,94,5,02.00),(1124,26,95,5,01.50),(1125,26,97,5,01.50),(1126,26,98,5,01.50),(1127,26,114,5,01.00),(1128,44,56,5,01.00),(1129,44,80,5,01.00),(1130,44,81,5,01.00),(1131,44,82,5,02.00),(1132,44,85,5,01.00),(1133,44,92,5,01.00),(1134,44,93,5,01.00),(1135,44,94,5,01.00),(1136,44,95,5,01.00),(1137,44,97,5,01.00),(1138,26,99,5,03.00),(1139,115,87,5,01.50),(1140,42,92,5,01.50),(1141,42,94,5,01.50),(1142,42,98,5,01.00),(1143,42,85,5,01.00),(1144,42,87,5,01.00),(1145,42,56,5,01.00),(1146,42,99,5,01.00),(1147,42,80,5,02.00),(1148,42,97,5,01.00),(1149,42,108,5,04.00),(1150,42,89,5,01.00),(1151,33,99,5,02.50),(1152,22,56,5,01.50),(1153,22,80,5,03.00),(1155,22,83,5,02.00),(1156,22,85,5,02.00),(1157,22,87,5,03.00),(1158,22,92,5,04.00),(1161,22,94,5,01.50),(1162,22,95,5,01.50),(1163,22,97,5,02.00),(1165,22,99,5,03.00),(1167,22,106,5,01.00),(1168,22,107,5,01.00),(1169,22,108,5,01.00),(1170,22,82,5,01.00),(1171,22,93,5,01.00),(1172,22,112,5,01.00),(1173,22,113,5,01.00),(1174,22,114,5,01.00),(1175,11,80,5,01.00),(1176,11,82,5,01.00),(1177,11,87,5,01.00),(1178,11,93,5,01.00),(1179,11,95,5,01.00),(1180,11,99,5,01.00),(1181,2,56,5,01.00),(1182,2,80,5,02.00),(1183,2,81,5,01.00),(1184,2,82,5,03.00),(1185,2,85,5,02.00),(1186,2,87,5,01.00),(1187,2,88,5,01.00),(1188,2,89,5,01.50),(1189,2,92,5,02.00),(1191,2,95,5,01.00),(1192,2,97,5,01.00),(1193,2,99,5,02.00),(1194,2,112,5,02.00),(1195,43,80,5,01.50),(1196,43,82,5,01.50),(1197,43,87,5,01.50),(1198,43,92,5,01.50),(1199,43,94,5,01.00),(1200,43,95,5,02.00),(1201,43,97,5,02.00),(1202,43,98,5,01.50),(1203,43,99,5,02.00),(1204,7,56,5,01.50),(1205,7,80,5,02.00),(1206,7,81,5,01.50),(1207,7,82,5,03.00),(1208,7,83,5,01.50),(1209,7,85,5,01.50),(1210,7,92,5,02.00),(1212,7,94,5,02.00),(1213,7,95,5,02.00),(1214,7,97,5,02.00),(1215,7,99,5,02.00),(1216,7,112,5,02.00),(1217,18,80,5,02.00),(1218,18,82,5,02.00),(1219,18,92,5,02.00),(1220,18,93,5,02.00),(1222,13,92,5,01.00),(1224,13,80,5,01.00),(1225,13,107,5,01.00),(1226,13,112,5,01.00),(1227,39,80,5,03.00),(1228,39,82,5,05.00),(1229,39,81,5,01.00),(1230,39,83,5,01.00),(1231,39,85,5,01.00),(1232,39,92,5,01.00),(1233,39,94,5,02.00),(1234,39,97,5,02.00),(1235,39,99,5,01.00),(1236,39,112,5,01.00),(1237,117,56,5,02.00),(1238,117,87,5,02.00),(1239,117,93,5,01.00),(1241,120,56,5,02.00),(1242,120,80,5,03.00),(1244,120,87,5,03.00),(1245,120,95,5,01.00),(1247,120,98,5,01.00),(1249,120,107,5,04.00),(1250,24,56,5,01.00),(1253,24,80,5,01.50),(1254,24,81,5,01.00),(1256,24,82,5,02.50),(1257,24,92,5,01.50),(1258,24,93,5,01.50),(1259,24,94,5,01.00),(1260,24,99,5,01.50),(1261,17,87,5,02.00),(1262,17,81,5,01.00),(1263,17,80,5,02.00),(1264,17,82,5,01.00),(1265,17,92,5,02.00),(1266,17,106,5,01.50),(1267,17,107,5,01.50),(1268,17,108,5,01.50),(1269,17,112,5,01.50),(1270,17,113,5,01.50),(1271,17,114,5,01.50),(1272,17,99,5,02.00),(1273,17,56,5,01.50),(1274,17,83,5,02.00),(1275,17,85,5,01.50),(1276,17,89,5,01.50),(1277,17,88,5,01.50),(1278,17,91,5,01.50),(1279,17,93,5,02.00),(1280,17,94,5,01.50),(1281,17,95,5,01.50),(1282,17,97,5,02.00),(1283,45,99,5,02.00),(1284,32,80,5,02.00),(1285,32,81,5,01.00),(1286,32,82,5,02.00),(1287,32,85,5,01.00),(1288,32,87,5,01.00),(1289,32,91,5,01.00),(1290,32,92,5,02.00),(1292,32,94,5,02.00),(1293,32,95,5,01.00),(1294,32,97,5,02.00),(1295,32,98,5,01.00),(1296,32,107,5,02.00),(1297,32,112,5,01.00),(1298,27,80,5,03.00),(1299,27,82,5,03.00),(1302,27,83,5,02.00),(1303,27,85,5,02.00),(1304,27,87,5,03.50),(1305,27,91,5,01.50),(1306,27,92,5,02.50),(1307,27,93,5,02.00),(1308,27,94,5,02.50),(1309,47,56,5,01.00),(1310,47,80,5,02.00),(1311,47,81,5,01.00),(1312,27,97,5,01.50),(1313,47,82,5,03.00),(1314,27,98,5,01.50),(1315,47,89,5,01.00),(1316,27,99,5,02.50),(1317,27,113,5,02.00),(1318,47,92,5,01.00),(1319,27,81,5,01.00),(1320,47,95,5,01.00),(1322,27,88,5,01.00),(1323,47,97,5,01.00),(1324,47,99,5,01.00),(1325,47,112,5,01.00),(1326,10,56,5,01.00),(1327,10,80,5,02.00),(1328,10,82,5,02.50),(1329,10,85,5,01.00),(1330,10,87,5,01.00),(1331,10,89,5,01.00),(1332,10,92,5,01.00),(1333,10,95,5,02.50),(1334,10,99,5,01.00),(1335,10,97,5,01.00),(1336,37,56,5,01.00),(1338,37,80,5,02.00),(1339,37,81,5,01.00),(1340,37,82,5,03.00),(1341,37,87,5,01.00),(1343,37,93,5,01.50),(1345,14,56,5,01.00),(1346,37,95,5,01.50),(1347,14,80,5,02.00),(1348,37,97,5,01.50),(1350,37,99,5,01.00),(1351,14,92,5,02.00),(1352,14,93,5,01.00),(1353,14,94,5,01.00),(1354,14,95,5,01.50),(1355,14,97,5,01.00),(1356,14,99,5,01.00),(1357,14,112,5,01.00),(1358,14,113,5,01.00),(1359,14,108,5,01.00),(1361,14,107,5,01.00),(1362,14,106,5,01.00),(1363,14,81,5,01.00),(1364,129,56,5,01.00),(1365,129,85,5,02.00),(1366,129,80,5,02.00),(1367,129,81,5,01.00),(1368,129,83,5,01.00),(1370,129,113,5,01.00),(1371,129,112,5,01.00),(1372,129,82,5,01.00),(1373,129,87,5,01.00),(1374,129,88,5,01.00),(1375,129,89,5,01.00),(1376,129,92,5,03.00),(1377,129,94,5,02.00),(1378,129,99,5,03.00),(1379,129,107,5,01.00),(1380,129,108,5,01.00),(1390,36,56,5,01.00),(1391,36,80,5,01.00),(1393,36,82,5,02.00),(1394,36,83,5,01.00),(1395,36,85,5,01.00),(1396,36,87,5,01.00),(1397,36,88,5,01.00),(1398,36,89,5,01.00),(1399,36,92,5,01.00),(1400,36,94,5,01.00),(1401,36,95,5,01.00),(1402,36,97,5,01.00),(1403,36,98,5,01.00),(1404,36,99,5,01.00),(1405,128,80,5,03.00),(1406,128,81,5,01.00),(1407,128,82,5,04.00),(1408,128,83,5,01.50),(1409,128,56,5,01.50),(1410,128,87,5,02.50),(1411,128,92,5,02.00),(1412,128,112,5,03.00),(1413,128,94,5,02.50),(1414,128,97,5,01.50),(1415,128,98,5,01.50),(1416,128,99,5,03.50),(1417,128,91,5,01.00),(1418,20,80,5,01.00),(1419,20,87,5,01.00),(1420,20,83,5,01.00),(1421,20,82,5,03.00),(1422,20,89,5,01.00),(1423,20,99,5,01.00),(1424,20,92,5,01.00),(1425,20,94,5,02.00),(1426,20,95,5,02.00),(1427,20,97,5,01.50),(1429,19,81,5,01.00),(1430,19,82,5,02.00),(1432,19,80,5,01.50),(1433,19,85,5,01.00),(1434,19,87,5,02.00),(1436,19,94,5,01.50),(1437,19,95,5,02.00),(1438,19,97,5,01.50),(1439,19,99,5,02.00),(1442,19,112,5,01.50),(1443,1,56,5,01.50),(1444,1,99,5,01.50),(1445,1,80,5,02.50),(1446,1,91,5,01.00),(1447,1,87,5,02.00),(1448,1,83,5,01.00),(1449,1,92,5,02.00),(1450,1,98,5,01.00),(1451,1,107,5,03.00),(1452,1,112,5,03.00),(1453,1,94,5,02.00),(1454,1,95,5,01.50),(1455,1,81,5,01.00),(1456,1,85,5,01.50),(1457,5,80,5,02.00),(1460,5,83,5,01.50),(1461,5,87,5,01.00),(1462,5,94,5,02.50),(1463,5,95,5,02.00),(1464,5,97,5,01.50),(1466,5,98,5,01.50),(1467,5,99,5,01.50),(1468,5,56,5,01.00),(1469,119,99,5,02.50),(1470,40,81,5,01.50),(1471,119,97,5,02.00),(1472,40,82,5,04.00),(1473,119,87,5,01.00),(1474,40,83,5,01.50),(1475,40,85,5,02.00),(1476,119,93,5,01.50),(1477,40,88,5,01.50),(1478,119,114,5,01.50),(1479,40,91,5,01.50),(1480,119,106,5,02.00),(1481,40,92,5,02.00),(1482,40,94,5,02.00),(1483,40,112,5,02.00),(1484,40,80,5,01.50),(1485,12,80,5,02.00),(1486,12,92,5,01.50),(1487,12,93,5,01.00),(1488,12,99,5,01.50),(1489,12,106,5,01.00),(1490,12,108,5,01.00),(1491,12,112,5,01.00),(1499,31,80,5,01.00),(1500,31,82,5,01.00),(1501,31,92,5,01.00),(1502,31,93,5,01.00),(1503,16,80,5,01.00),(1504,16,82,5,02.00),(1505,16,83,5,01.00),(1506,16,85,5,01.00),(1507,16,87,5,01.00),(1508,16,88,5,01.00),(1509,16,92,5,01.00),(1511,16,94,5,01.00),(1512,16,95,5,01.00),(1513,16,97,5,01.00),(1514,16,98,5,01.00),(1515,16,99,5,01.00),(1516,16,112,5,02.00),(1517,33,131,5,01.50),(1519,129,131,5,02.00),(1520,21,80,5,02.00),(1521,21,81,5,01.00),(1522,21,85,5,01.00),(1523,21,87,5,01.00),(1524,21,92,5,02.00),(1525,21,82,5,02.00),(1526,21,93,5,02.00),(1527,21,99,5,02.00),(1528,44,131,5,01.00),(1529,26,131,5,02.00),(1530,25,80,5,01.00),(1532,25,94,5,01.00),(1533,25,97,5,01.00),(1534,25,107,5,01.00),(1535,25,108,5,01.00),(1536,25,112,5,01.00),(1537,25,131,5,01.00),(1538,35,56,5,02.00),(1539,35,99,5,02.00),(1540,35,108,5,04.00),(1541,35,87,5,03.00),(1542,35,92,5,02.00),(1543,35,94,5,02.00),(1544,35,80,5,02.00),(1545,35,93,5,01.00),(1546,35,95,5,01.00),(1547,35,88,5,01.00),(1548,36,131,5,01.00),(1549,34,80,5,01.00),(1550,34,82,5,01.00),(1551,34,89,5,01.00),(1552,34,95,5,01.00),(1553,34,97,5,01.00),(1554,34,98,5,01.00),(1555,34,99,5,01.00),(1556,46,56,5,01.50),(1557,46,80,5,02.00),(1558,46,82,5,03.00),(1559,46,83,5,01.00),(1560,46,87,5,01.50),(1561,46,89,5,01.00),(1562,46,92,5,01.50),(1563,46,93,5,01.00),(1564,46,94,5,02.00),(1565,46,95,5,01.50),(1566,46,97,5,01.50),(1567,46,98,5,01.50),(1568,46,114,5,01.00),(1569,46,99,5,02.00),(1570,48,99,5,02.00),(1571,48,83,5,01.50),(1572,48,56,5,01.50),(1573,48,80,5,02.00),(1574,48,107,5,01.50),(1575,48,108,5,01.50),(1576,48,112,5,02.00),(1577,48,92,5,01.00),(1578,48,94,5,01.00),(1579,48,97,5,01.50),(1580,48,87,5,01.00),(1581,3,80,5,01.00),(1582,3,82,5,01.00),(1583,3,85,5,01.00),(1584,3,87,5,01.00),(1585,3,92,5,01.00),(1586,3,93,5,01.00),(1587,3,97,5,01.00),(1588,3,99,5,01.00),(1590,3,107,5,01.00),(1591,3,112,5,01.00),(1592,3,94,5,01.00),(1593,3,83,5,01.00);
/*!40000 ALTER TABLE `requirement` ENABLE KEYS */;
UNLOCK TABLES;
COMMIT;

--
-- Table structure for table `special_guest`
--

/*!40101 SET @saved_cs_client     = @@character_set_client */;
/*!40101 SET character_set_client = utf8 */;
CREATE TABLE `special_guest` (
  `id_special_guest` int(11) unsigned NOT NULL AUTO_INCREMENT COMMENT 'PK',
  `ENTERPRISE_id_enterprise` int(11) unsigned NOT NULL COMMENT 'FK',
  `PURCHASING_FAIR_id_purchasing_fair` int(11) unsigned NOT NULL COMMENT 'FK',
  `civility_special_guest` varchar(8) NOT NULL COMMENT 'Civilité',
  `surname_special_guest` varchar(50) NOT NULL COMMENT 'Nom de famille',
  `name_special_guest` varchar(50) NOT NULL COMMENT 'Prénom',
  `days` text NOT NULL COMMENT 'Jours',
  PRIMARY KEY (`id_special_guest`),
  UNIQUE KEY `ux_ent_pf_surname_name` (`ENTERPRISE_id_enterprise`,`PURCHASING_FAIR_id_purchasing_fair`,`surname_special_guest`,`name_special_guest`),
  KEY `ix_sp_guest_ent` (`ENTERPRISE_id_enterprise`),
  KEY `ix_sp_guest_pf` (`PURCHASING_FAIR_id_purchasing_fair`),
  CONSTRAINT `fk_sp_guest_pf` FOREIGN KEY (`PURCHASING_FAIR_id_purchasing_fair`) REFERENCES `purchasing_fair` (`id_purchasing_fair`),
  CONSTRAINT `fk_sp_guest_ent` FOREIGN KEY (`ENTERPRISE_id_enterprise`) REFERENCES `enterprise` (`id_enterprise`)
) ENGINE=InnoDB AUTO_INCREMENT=7 DEFAULT CHARSET=utf8;
/*!40101 SET character_set_client = @saved_cs_client */;

--
-- Dumping data for table `special_guest`
--

LOCK TABLES `special_guest` WRITE;
/*!40000 ALTER TABLE `special_guest` DISABLE KEYS */;
SET autocommit=0;
INSERT INTO `special_guest` VALUES (4,1,1,'Monisuer','EFFACEZ','MOI','2094-01-02'),(5,76,4,'Monsieur','Boussin','Fabrice','2018-09-06'),(6,76,4,'Monsieur','BERNARD','Christophe','2018-09-11');
/*!40000 ALTER TABLE `special_guest` ENABLE KEYS */;
UNLOCK TABLES;
COMMIT;

--
-- Table structure for table `store_workforce`
--

/*!40101 SET @saved_cs_client     = @@character_set_client */;
/*!40101 SET character_set_client = utf8 */;
CREATE TABLE `store_workforce` (
  `ENTERPRISE_id_enterprise` int(11) unsigned NOT NULL COMMENT 'PK enterprise',
  `outer_clothing` tinyint(1) unsigned NOT NULL COMMENT 'Vêtement de dessus',
  `under_clothing` tinyint(1) unsigned NOT NULL COMMENT 'Vêtement de dessous',
  `shoes` tinyint(1) unsigned NOT NULL COMMENT 'Chaussure',
  PRIMARY KEY (`ENTERPRISE_id_enterprise`),
  CONSTRAINT `fk_store_workforce_enterprise` FOREIGN KEY (`ENTERPRISE_id_enterprise`) REFERENCES `enterprise` (`id_enterprise`)
) ENGINE=InnoDB DEFAULT CHARSET=utf8;
/*!40101 SET character_set_client = @saved_cs_client */;

--
-- Dumping data for table `store_workforce`
--

LOCK TABLES `store_workforce` WRITE;
/*!40000 ALTER TABLE `store_workforce` DISABLE KEYS */;
SET autocommit=0;
INSERT INTO `store_workforce` VALUES (1,1,2,1),(2,2,2,2),(3,2,2,2),(4,0,0,0),(5,1,1,1),(6,1,1,1),(7,2,2,2),(9,2,2,2),(10,2,2,2),(11,2,2,2),(13,1,1,1),(14,2,2,2),(15,2,2,2),(16,2,2,2),(17,2,2,2),(18,1,1,1),(19,2,2,2),(20,2,2,2),(22,2,2,2),(23,0,0,0),(24,2,2,2),(25,1,1,1),(26,0,1,0),(27,2,2,2),(29,0,0,0),(30,1,1,1),(31,1,1,1),(32,2,2,2),(33,1,1,1),(34,2,2,2),(35,2,2,2),(36,2,2,2),(37,2,2,2),(39,0,1,0),(40,1,1,0),(42,1,1,1),(43,1,1,1),(44,1,1,1),(45,2,2,2),(46,1,1,1),(47,1,1,1),(48,2,2,2),(115,1,0,0),(116,1,0,2),(117,2,1,2),(118,0,0,0),(119,1,1,0),(120,0,0,1),(128,3,2,3),(129,2,2,2),(130,2,2,2);
/*!40000 ALTER TABLE `store_workforce` ENABLE KEYS */;
UNLOCK TABLES;
COMMIT;

--
-- Table structure for table `typeof_pf`
--

/*!40101 SET @saved_cs_client     = @@character_set_client */;
/*!40101 SET character_set_client = utf8 */;
CREATE TABLE `typeof_pf` (
  `id_typeof_pf` int(11) unsigned NOT NULL AUTO_INCREMENT COMMENT 'PK',
  `name_typeof_pf` varchar(50) NOT NULL COMMENT 'Nom du type de salon',
  PRIMARY KEY (`id_typeof_pf`),
  UNIQUE KEY `ux_name_typeof_pf` (`name_typeof_pf`)
) ENGINE=InnoDB AUTO_INCREMENT=3 DEFAULT CHARSET=utf8;
/*!40101 SET character_set_client = @saved_cs_client */;

--
-- Dumping data for table `typeof_pf`
--

LOCK TABLES `typeof_pf` WRITE;
/*!40000 ALTER TABLE `typeof_pf` DISABLE KEYS */;
SET autocommit=0;
INSERT INTO `typeof_pf` VALUES (2,'Autre'),(1,'Textile');
/*!40000 ALTER TABLE `typeof_pf` ENABLE KEYS */;
UNLOCK TABLES;
COMMIT;

--
-- Table structure for table `typeof_provider`
--

/*!40101 SET @saved_cs_client     = @@character_set_client */;
/*!40101 SET character_set_client = utf8 */;
CREATE TABLE `typeof_provider` (
  `id_typeof_provider` int(11) unsigned NOT NULL AUTO_INCREMENT COMMENT 'PK',
  `name_typeof_provider` varchar(50) NOT NULL COMMENT 'Nom du type de Fournisseur',
  PRIMARY KEY (`id_typeof_provider`),
  UNIQUE KEY `ux_name_typeof_provider` (`name_typeof_provider`)
) ENGINE=InnoDB AUTO_INCREMENT=3 DEFAULT CHARSET=utf8;
/*!40101 SET character_set_client = @saved_cs_client */;

--
-- Dumping data for table `typeof_provider`
--

LOCK TABLES `typeof_provider` WRITE;
/*!40000 ALTER TABLE `typeof_provider` DISABLE KEYS */;
SET autocommit=0;
INSERT INTO `typeof_provider` VALUES (1,'Chaussure'),(2,'Textile');
/*!40000 ALTER TABLE `typeof_provider` ENABLE KEYS */;
UNLOCK TABLES;
COMMIT;

--
-- Table structure for table `unavailability`
--

/*!40101 SET @saved_cs_client     = @@character_set_client */;
/*!40101 SET character_set_client = utf8 */;
CREATE TABLE `unavailability` (
  `id_unavailability` int(11) unsigned NOT NULL AUTO_INCREMENT COMMENT 'PK',
  `start_datetime` datetime NOT NULL COMMENT 'AAAA-MM-JJ HH:MM:SS',
  `end_datetime` datetime NOT NULL COMMENT 'AAAA-MM-JJ HH:MM:SS',
  `ENTERPRISE_id_enterprise` int(11) unsigned NOT NULL COMMENT 'FK',
  `PURCHASING_FAIR_id_purchasing_fair` int(11) unsigned NOT NULL COMMENT 'FK',
  `date_deletion_unavailability` datetime DEFAULT NULL COMMENT 'AAAA-MM-JJ HH:MM:SS',
  PRIMARY KEY (`id_unavailability`),
  UNIQUE KEY `ux_enterprise_start_end_datetime` (`start_datetime`,`end_datetime`,`ENTERPRISE_id_enterprise`,`PURCHASING_FAIR_id_purchasing_fair`),
  KEY `ix_unavailability_ENTERPRISE_id_enterprise` (`ENTERPRISE_id_enterprise`),
  KEY `ix_unavailability_PURCHASING_FAIR_id_purchasing_fair` (`PURCHASING_FAIR_id_purchasing_fair`),
  CONSTRAINT `fk_unavailability_enterprise` FOREIGN KEY (`ENTERPRISE_id_enterprise`) REFERENCES `enterprise` (`id_enterprise`),
  CONSTRAINT `fk_unavailability_purchasing_fair` FOREIGN KEY (`PURCHASING_FAIR_id_purchasing_fair`) REFERENCES `purchasing_fair` (`id_purchasing_fair`)
) ENGINE=InnoDB AUTO_INCREMENT=379 DEFAULT CHARSET=utf8;
/*!40101 SET character_set_client = @saved_cs_client */;

--
-- Dumping data for table `unavailability`
--

LOCK TABLES `unavailability` WRITE;
/*!40000 ALTER TABLE `unavailability` DISABLE KEYS */;
SET autocommit=0;
INSERT INTO `unavailability` VALUES (1,'2018-02-05 08:00:00','2018-02-16 19:00:00',1,2,NULL),(2,'2018-02-05 08:00:00','2018-02-16 19:00:00',4,2,NULL),(3,'2018-02-15 08:00:00','2018-02-15 19:00:00',4,2,NULL),(5,'2018-04-03 00:00:00','2018-04-03 23:59:59',2,3,NULL),(6,'2018-03-26 00:00:00','2018-03-26 23:59:59',16,3,NULL),(7,'2018-03-27 00:00:00','2018-03-27 23:59:59',16,3,NULL),(8,'2018-03-28 00:00:00','2018-03-28 23:59:59',16,3,NULL),(9,'2018-03-29 00:00:00','2018-03-29 23:59:59',16,3,NULL),(10,'2018-04-03 00:00:00','2018-04-03 23:59:59',16,3,NULL),(11,'2018-04-04 08:00:00','2018-04-04 19:00:00',16,3,NULL),(12,'2018-04-03 00:00:00','2018-04-03 23:59:59',17,3,NULL),(13,'2018-03-28 00:00:00','2018-03-28 23:59:59',17,3,NULL),(14,'2018-04-04 00:00:00','2018-04-04 23:59:59',17,3,NULL),(15,'2018-03-26 08:00:00','2018-03-30 19:00:00',31,3,NULL),(18,'2018-03-26 08:00:00','2018-03-26 19:00:00',30,3,NULL),(19,'2018-04-03 08:00:00','2018-04-03 19:00:00',30,3,NULL),(20,'2018-03-26 00:00:00','2018-03-26 23:59:59',22,3,NULL),(21,'2018-03-27 00:00:00','2018-03-27 23:59:59',22,3,NULL),(22,'2018-03-28 00:00:00','2018-03-28 23:59:59',22,3,NULL),(23,'2018-03-29 00:00:00','2018-03-29 23:59:59',22,3,NULL),(24,'2018-03-30 00:00:00','2018-03-30 23:59:59',22,3,NULL),(25,'2018-03-27 00:00:00','2018-03-27 23:59:59',6,3,NULL),(26,'2018-03-26 00:00:00','2018-03-26 23:59:59',6,3,NULL),(27,'2018-03-28 00:00:00','2018-03-28 23:59:59',6,3,NULL),(28,'2018-03-29 00:00:00','2018-03-29 23:59:59',6,3,NULL),(29,'2018-03-30 00:00:00','2018-03-30 23:59:59',6,3,NULL),(30,'2018-04-02 00:00:00','2018-04-02 23:59:59',6,3,NULL),(31,'2018-04-03 00:00:00','2018-04-03 23:59:59',6,3,NULL),(32,'2018-04-04 00:00:00','2018-04-04 23:59:59',6,3,NULL),(35,'2018-03-26 00:00:00','2018-03-26 23:59:59',34,3,NULL),(36,'2018-03-30 00:00:00','2018-03-30 23:59:59',34,3,NULL),(37,'2018-04-06 00:00:00','2018-04-06 23:59:59',34,3,NULL),(38,'2018-03-28 08:00:00','2018-04-13 19:00:00',39,3,NULL),(39,'2018-03-26 00:00:00','2018-03-26 23:59:59',24,3,NULL),(40,'2018-03-27 00:00:00','2018-03-27 23:59:59',24,3,NULL),(41,'2018-03-28 00:00:00','2018-03-28 23:59:59',24,3,NULL),(42,'2018-03-29 00:00:00','2018-03-29 23:59:59',24,3,NULL),(43,'2018-04-05 00:00:00','2018-04-05 23:59:59',24,3,NULL),(46,'2018-03-26 08:00:00','2018-03-27 19:00:00',44,3,NULL),(47,'2018-04-03 08:00:00','2018-04-04 19:00:00',7,3,NULL),(48,'2018-02-07 08:00:00','2018-02-07 19:00:00',42,2,NULL),(49,'2018-02-14 08:00:00','2018-02-14 08:00:00',42,2,NULL),(50,'2018-04-05 00:00:00','2018-04-05 23:59:59',25,3,NULL),(51,'2018-03-26 08:00:00','2018-03-26 19:00:00',26,3,NULL),(52,'2018-02-27 08:00:00','2018-02-27 19:00:00',26,3,NULL),(53,'2018-03-28 08:00:00','2018-03-28 19:00:00',26,3,NULL),(55,'2018-03-28 08:00:00','2018-03-28 19:00:00',15,3,NULL),(56,'2018-04-04 08:00:00','2018-04-04 19:00:00',15,3,NULL),(57,'2018-03-28 00:00:00','2018-03-28 23:59:59',115,3,NULL),(58,'2018-03-26 00:00:00','2018-03-26 23:59:59',27,3,NULL),(59,'2018-03-27 00:00:00','2018-03-27 23:59:59',27,3,NULL),(60,'2018-03-28 00:00:00','2018-03-28 23:59:59',27,3,NULL),(61,'2018-03-29 00:00:00','2018-03-29 23:59:59',27,3,NULL),(62,'2018-03-30 00:00:00','2018-03-30 23:59:59',27,3,NULL),(63,'2018-04-05 08:00:00','2018-04-05 19:00:00',27,3,NULL),(64,'2018-03-28 08:00:00','2018-04-28 19:00:00',42,3,NULL),(65,'2018-04-04 08:00:00','2018-04-04 19:00:00',42,3,NULL),(66,'2018-03-26 08:00:00','2018-03-26 19:00:00',18,3,NULL),(67,'2018-04-03 08:00:00','2018-04-03 19:00:00',18,3,NULL),(68,'2018-03-27 08:00:00','2018-03-27 19:00:00',18,3,NULL),(69,'2018-04-02 08:00:00','2018-04-02 19:00:00',18,3,NULL),(70,'2018-03-29 00:00:00','2018-03-29 23:59:59',33,3,NULL),(71,'2018-03-30 00:00:00','2018-03-30 23:59:59',33,3,NULL),(72,'2018-03-28 08:00:00','2018-03-28 08:00:00',46,3,NULL),(73,'2018-03-29 08:00:00','2018-03-29 19:00:00',46,3,NULL),(74,'2018-03-30 08:00:00','2018-03-30 08:00:00',46,3,NULL),(75,'2018-03-26 08:00:00','2018-03-26 19:00:00',3,3,NULL),(76,'2018-03-28 08:00:00','2018-03-28 19:00:00',3,3,NULL),(77,'2018-04-04 08:00:00','2018-04-04 19:00:00',3,3,NULL),(78,'2018-03-28 00:00:00','2018-03-28 23:59:59',20,3,NULL),(79,'2018-04-04 00:00:00','2018-04-04 23:59:59',20,3,NULL),(80,'2018-03-29 08:00:00','2018-03-29 19:00:00',42,3,NULL),(81,'2018-03-26 00:00:00','2018-03-26 23:59:59',48,3,NULL),(82,'2018-03-29 00:00:00','2018-03-29 23:59:59',48,3,NULL),(83,'2018-04-05 00:00:00','2018-04-05 23:59:59',48,3,NULL),(84,'2018-04-02 00:00:00','2018-04-02 23:59:59',48,3,NULL),(85,'2018-03-28 00:00:00','2018-03-28 23:59:59',41,3,NULL),(86,'2018-03-30 00:00:00','2018-03-30 23:59:59',28,3,NULL),(87,'2018-03-28 00:00:00','2018-03-28 23:59:59',28,3,NULL),(88,'2018-03-30 00:00:00','2018-03-30 23:59:59',41,3,NULL),(89,'2018-03-26 08:00:00','2018-03-27 19:00:00',117,3,NULL),(90,'2018-03-26 08:00:00','2018-03-28 19:00:00',119,3,NULL),(91,'2018-03-28 00:00:00','2018-03-28 23:59:59',37,3,NULL),(92,'2018-04-04 00:00:00','2018-04-04 23:59:59',37,3,NULL),(93,'2018-03-29 08:00:00','2018-03-30 19:00:00',40,3,NULL),(94,'2018-04-04 08:00:00','2018-04-04 19:00:00',40,3,NULL),(95,'2018-04-02 08:00:00','2018-04-02 19:00:00',40,3,NULL),(96,'2018-03-26 08:00:00','2018-03-26 19:00:00',23,3,NULL),(97,'2018-04-03 08:00:00','2018-04-03 19:00:00',23,3,NULL),(98,'2018-03-26 08:00:00','2018-03-28 00:00:00',120,3,NULL),(99,'2018-04-04 08:00:00','2018-04-04 19:00:00',120,3,NULL),(100,'2018-03-28 00:00:00','2018-03-28 23:59:59',10,3,NULL),(101,'2018-04-04 00:00:00','2018-04-04 23:59:59',10,3,NULL),(102,'2018-03-26 00:00:00','2018-03-26 23:59:59',5,3,NULL),(103,'2018-03-27 00:00:00','2018-03-27 23:59:59',5,3,NULL),(104,'2018-03-28 00:00:00','2018-03-28 23:59:59',5,3,NULL),(105,'2018-03-29 00:00:00','2018-03-29 23:59:59',5,3,NULL),(106,'2018-03-30 00:00:00','2018-03-30 23:59:59',5,3,NULL),(107,'2018-04-03 00:00:00','2018-04-03 23:59:59',5,3,NULL),(108,'2018-03-28 00:00:00','2018-03-28 23:59:59',43,3,NULL),(109,'2018-04-04 00:00:00','2018-04-04 23:59:59',43,3,NULL),(110,'2018-03-29 00:00:00','2018-03-29 23:59:59',25,3,NULL),(111,'2018-03-28 00:00:00','2018-03-28 23:59:59',21,3,NULL),(112,'2018-04-04 00:00:00','2018-04-04 23:59:59',21,3,NULL),(113,'2018-03-28 08:00:00','2018-03-28 17:00:00',12,3,NULL),(114,'2018-03-26 08:00:00','2018-04-02 19:00:00',14,3,NULL),(115,'2018-03-26 08:00:00','2018-03-26 19:00:00',9,3,NULL),(116,'2018-03-27 08:00:00','2018-03-27 19:00:00',9,3,NULL),(117,'2018-03-28 08:00:00','2018-03-28 19:00:00',9,3,NULL),(118,'2018-03-29 08:00:00','2018-03-29 19:00:00',9,3,NULL),(119,'2018-09-10 00:00:00','2018-09-10 23:59:59',33,4,NULL),(120,'2018-09-03 00:00:00','2018-09-03 23:59:59',33,4,NULL),(121,'2018-09-04 00:00:00','2018-09-04 23:59:59',33,4,NULL),(122,'2018-09-05 00:00:00','2018-09-05 23:59:59',33,4,NULL),(123,'2018-09-06 00:00:00','2018-09-06 23:59:59',33,4,NULL),(124,'2018-09-07 00:00:00','2018-09-07 23:59:59',33,4,NULL),(125,'2018-09-12 00:00:00','2018-09-13 23:59:59',6,4,NULL),(126,'2018-09-10 08:00:00','2018-09-14 19:00:00',2,4,NULL),(128,'2018-09-03 08:00:00','2018-09-03 13:00:00',2,4,NULL),(129,'2018-09-03 00:00:00','2018-09-06 23:59:59',22,4,NULL),(130,'2018-09-06 00:00:00','2018-09-06 23:59:59',25,4,NULL),(132,'2018-09-14 00:00:00','2018-09-14 23:59:59',116,4,NULL),(133,'2018-09-07 00:00:00','2018-09-07 23:59:59',116,4,NULL),(135,'2018-09-13 00:00:00','2018-09-13 23:59:59',119,4,NULL),(136,'2018-09-05 00:00:00','2018-09-05 23:59:59',120,4,NULL),(137,'2018-09-12 00:00:00','2018-09-12 23:59:59',120,4,NULL),(138,'2018-09-13 00:00:00','2018-09-13 00:00:00',32,4,NULL),(139,'2018-09-06 00:00:00','2018-09-06 00:00:00',32,4,NULL),(140,'2018-09-03 00:00:00','2018-09-08 23:59:59',11,4,NULL),(142,'2018-09-03 08:00:00','2018-09-07 19:00:00',45,4,NULL),(143,'2018-09-03 00:00:00','2018-09-03 23:59:59',23,4,NULL),(144,'2018-09-10 00:00:00','2018-09-10 23:59:59',23,4,NULL),(145,'2018-09-05 00:00:00','2018-09-05 23:59:59',23,4,NULL),(146,'2018-09-03 00:00:00','2018-09-07 00:00:00',28,4,NULL),(148,'2018-09-03 00:00:00','2018-09-03 23:59:59',120,4,NULL),(149,'2018-09-04 00:00:00','2018-09-04 23:59:59',120,4,NULL),(151,'2018-09-03 00:00:00','2018-09-06 23:59:00',119,4,NULL),(152,'2018-09-03 00:00:00','2018-09-06 23:59:00',40,4,NULL),(153,'2018-09-12 00:00:00','2018-09-12 19:00:00',40,4,NULL),(154,'2018-09-03 00:00:00','2018-09-04 23:59:59',46,4,NULL),(155,'2018-09-06 00:00:00','2018-09-06 23:59:59',46,4,NULL),(156,'2018-09-12 00:00:00','2018-09-12 23:59:59',46,4,NULL),(157,'2018-09-13 00:00:00','2018-09-13 23:59:59',24,4,NULL),(159,'2018-09-03 08:00:00','2018-09-06 19:00:00',15,4,NULL),(161,'2018-09-12 08:00:00','2018-09-13 19:00:00',15,4,NULL),(167,'2018-09-03 00:00:00','2018-09-03 23:59:59',34,4,NULL),(168,'2018-09-07 00:00:00','2018-09-07 23:59:59',34,4,NULL),(169,'2018-09-14 00:00:00','2018-09-14 23:59:59',34,4,NULL),(170,'2018-09-13 00:00:00','2018-09-13 23:59:59',5,4,NULL),(171,'2018-09-14 00:00:00','2018-09-14 23:59:59',5,4,NULL),(172,'2018-09-12 00:00:00','2018-09-12 23:59:59',5,4,NULL),(173,'2018-09-05 00:00:00','2018-09-05 23:59:59',19,4,NULL),(174,'2018-09-12 00:00:00','2018-09-12 23:59:59',19,4,NULL),(176,'2018-09-03 08:00:00','2018-09-08 19:00:00',117,4,NULL),(178,'2018-09-03 08:00:00','2018-09-05 19:00:00',7,4,NULL),(179,'2018-09-05 08:00:00','2018-09-05 19:00:00',42,4,NULL),(180,'2018-09-12 08:00:00','2018-09-12 19:00:00',42,4,NULL),(181,'2018-09-03 00:00:00','2018-09-05 23:59:59',17,4,NULL),(182,'2018-09-07 00:00:00','2018-09-14 23:59:59',17,4,NULL),(183,'2018-09-03 08:00:00','2018-09-03 19:00:00',115,4,NULL),(184,'2018-09-04 08:00:00','2018-09-04 19:00:00',115,4,NULL),(185,'2018-09-05 08:00:00','2018-09-05 19:00:00',115,4,NULL),(189,'2018-09-05 00:00:00','2018-09-12 23:59:59',21,4,NULL),(190,'2018-09-03 00:00:00','2018-09-03 23:59:59',36,4,NULL),(191,'2018-09-04 00:00:00','2018-09-04 23:59:59',36,4,NULL),(192,'2018-09-13 00:00:00','2018-09-13 23:59:59',36,4,NULL),(193,'2018-09-10 00:00:00','2018-09-16 23:59:59',10,4,NULL),(194,'2018-09-05 00:00:00','2018-09-05 23:59:59',10,4,NULL),(197,'2018-09-03 08:00:00','2018-09-08 19:00:00',37,4,NULL),(198,'2018-09-14 00:00:00','2018-09-14 23:59:59',1,4,NULL),(199,'2018-09-06 00:00:00','2018-09-06 23:59:59',1,4,NULL),(200,'2018-09-13 00:00:00','2018-09-13 23:59:59',1,4,NULL),(201,'2018-09-03 08:00:00','2018-09-05 19:00:00',20,4,NULL),(202,'2018-09-12 08:00:00','2018-09-12 19:00:00',20,4,NULL),(203,'2018-09-05 00:00:00','2018-09-05 23:59:59',27,4,NULL),(204,'2018-09-06 00:00:00','2018-09-06 23:59:59',27,4,NULL),(205,'2018-09-12 00:00:00','2018-09-12 23:59:59',27,4,NULL),(206,'2018-09-13 00:00:00','2018-09-13 23:59:59',27,4,NULL),(207,'2018-09-06 08:00:00','2018-09-06 19:00:00',8,4,NULL),(208,'2018-09-10 08:00:00','2018-09-14 19:00:00',8,4,NULL),(209,'2018-09-03 08:00:00','2018-09-08 19:00:00',8,4,NULL),(216,'2018-09-03 00:00:00','2018-09-03 23:59:59',48,4,NULL),(217,'2018-09-04 00:00:00','2018-09-04 23:59:59',48,4,NULL),(218,'2018-09-07 00:00:00','2018-09-07 23:59:59',48,4,NULL),(219,'2018-09-10 00:00:00','2018-09-10 23:59:59',48,4,NULL),(220,'2018-09-11 00:00:00','2018-09-11 23:59:59',48,4,NULL),(221,'2018-09-03 00:00:00','2018-09-03 23:59:59',14,4,NULL),(222,'2018-09-06 00:00:00','2018-09-06 23:59:59',14,4,NULL),(223,'2018-09-10 00:00:00','2018-09-10 23:59:59',14,4,NULL),(224,'2018-09-11 00:00:00','2018-09-11 23:59:59',14,4,NULL),(225,'2018-09-13 00:00:00','2018-09-13 23:59:59',14,4,NULL),(227,'2018-09-12 00:00:00','2018-09-12 23:59:59',9,4,NULL),(228,'2018-09-13 00:00:00','2018-09-13 23:59:59',9,4,NULL),(229,'2018-09-14 00:00:00','2018-09-14 23:59:59',9,4,NULL),(230,'2018-09-04 12:00:00','2018-09-04 19:00:00',9,4,NULL),(232,'2018-10-02 00:00:00','2018-10-02 23:59:59',6,5,NULL),(233,'2018-10-08 00:00:00','2018-10-08 23:59:59',6,5,NULL),(234,'2018-10-11 00:00:00','2018-10-11 23:59:59',6,5,NULL),(235,'2018-10-08 00:00:00','2018-10-08 23:59:59',33,5,NULL),(236,'2018-10-08 08:00:00','2018-10-11 19:00:00',15,5,NULL),(237,'2018-10-01 08:00:00','2018-10-08 08:00:00',23,5,NULL),(238,'2018-10-10 08:00:00','2018-10-10 19:00:00',23,5,NULL),(244,'2018-10-08 00:00:00','2018-10-12 19:00:00',30,5,NULL),(245,'2018-10-08 00:00:00','2018-10-08 23:59:59',26,5,NULL),(246,'2018-10-10 00:00:00','2018-10-10 23:59:59',26,5,NULL),(249,'2018-10-01 00:00:00','2018-10-05 23:59:59',44,5,NULL),(250,'2018-10-08 00:00:00','2018-10-08 11:00:59',44,5,NULL),(256,'2018-10-01 00:00:00','2018-10-01 23:59:59',42,5,NULL),(257,'2018-10-03 00:00:00','2018-10-03 23:59:59',42,5,NULL),(258,'2018-10-10 00:00:00','2018-10-10 23:59:59',42,5,NULL),(259,'2018-10-01 00:00:00','2018-10-01 23:59:59',22,5,NULL),(260,'2018-10-02 00:00:00','2018-10-02 23:59:59',22,5,NULL),(261,'2018-10-03 00:00:00','2018-10-03 23:59:59',22,5,NULL),(262,'2018-10-04 00:00:00','2018-10-04 23:59:59',22,5,NULL),(263,'2018-10-05 00:00:00','2018-10-05 23:59:59',22,5,NULL),(264,'2018-10-01 00:00:00','2018-10-01 23:59:59',11,5,NULL),(265,'2018-10-02 00:00:00','2018-10-02 23:59:59',11,5,NULL),(266,'2018-10-03 00:00:00','2018-10-03 23:59:59',11,5,NULL),(267,'2018-10-04 00:00:00','2018-10-04 23:59:59',11,5,NULL),(268,'2018-10-01 08:00:00','2018-10-01 13:00:00',2,5,NULL),(269,'2018-10-11 00:00:00','2018-10-11 23:59:59',2,5,NULL),(270,'2018-10-08 08:00:00','2018-10-08 13:00:00',2,5,NULL),(271,'2018-10-03 08:00:00','2018-10-03 14:00:00',2,5,NULL),(272,'2018-10-10 08:00:00','2018-10-10 14:00:00',2,5,NULL),(273,'2018-10-01 08:00:00','2018-10-06 19:00:00',43,5,NULL),(274,'2018-10-10 08:00:00','2018-10-10 19:00:00',43,5,NULL),(275,'2018-10-01 00:00:00','2018-10-01 23:59:59',7,5,NULL),(276,'2018-10-04 00:00:00','2018-10-04 23:59:59',7,5,NULL),(277,'2018-10-01 08:00:00','2018-10-01 18:00:00',18,5,NULL),(278,'2018-10-05 08:00:00','2018-10-05 18:00:00',18,5,NULL),(279,'2018-10-08 08:00:00','2018-10-08 19:00:00',18,5,NULL),(280,'2018-10-12 08:00:00','2018-10-12 19:00:00',18,5,NULL),(281,'2018-10-03 00:00:00','2018-10-03 23:59:59',120,5,NULL),(282,'2018-10-04 00:00:00','2018-10-04 23:59:59',120,5,NULL),(283,'2018-10-10 00:00:00','2018-10-10 23:59:59',120,5,NULL),(284,'2018-10-12 00:00:00','2018-10-12 23:59:59',120,5,NULL),(285,'2018-10-01 00:00:00','2018-10-01 23:59:59',24,5,NULL),(286,'2018-10-04 00:00:00','2018-10-04 23:59:59',24,5,NULL),(287,'2018-10-11 00:00:00','2018-10-11 23:59:59',24,5,NULL),(288,'2018-10-08 00:00:00','2018-10-08 23:59:59',32,5,NULL),(289,'2018-10-09 00:00:00','2018-10-09 23:59:59',32,5,NULL),(291,'2018-10-01 00:00:00','2018-10-01 23:59:59',47,5,NULL),(292,'2018-10-02 00:00:00','2018-10-02 23:59:59',47,5,NULL),(293,'2018-10-03 00:00:00','2018-10-03 23:59:59',47,5,NULL),(294,'2018-10-09 00:00:00','2018-10-12 23:59:59',10,5,NULL),(295,'2018-10-03 00:00:00','2018-10-03 23:59:59',10,5,NULL),(296,'2018-10-01 00:00:00','2018-10-01 23:59:59',37,5,NULL),(297,'2018-10-03 00:00:00','2018-10-03 23:59:59',37,5,NULL),(298,'2018-10-05 00:00:00','2018-10-05 23:59:59',37,5,NULL),(299,'2018-10-08 00:00:00','2018-10-08 23:59:59',37,5,NULL),(300,'2018-10-09 00:00:00','2018-10-09 23:59:59',37,5,NULL),(301,'2018-10-11 08:00:00','2018-10-11 19:00:00',37,5,NULL),(302,'2018-10-01 00:00:00','2018-10-02 23:59:59',14,5,NULL),(303,'2018-10-08 08:00:00','2018-10-08 19:00:00',129,5,NULL),(304,'2018-10-09 08:00:00','2018-10-09 19:00:00',129,5,NULL),(305,'2018-10-10 08:00:00','2018-10-10 19:00:00',129,5,NULL),(306,'2018-10-11 08:00:00','2018-10-11 08:00:00',129,5,NULL),(307,'2018-10-12 08:00:00','2018-10-12 19:00:00',129,5,NULL),(312,'2018-10-01 00:00:00','2018-10-01 00:00:00',36,5,NULL),(314,'2018-10-01 08:00:00','2018-10-01 19:00:00',27,5,NULL),(315,'2018-10-05 00:00:00','2018-10-05 23:59:59',128,5,NULL),(316,'2018-10-11 00:00:00','2018-10-11 23:59:59',128,5,NULL),(317,'2018-10-08 00:00:00','2018-10-08 23:59:59',128,5,NULL),(318,'2018-10-10 00:00:00','2018-10-10 23:59:59',128,5,NULL),(320,'2018-10-09 00:00:00','2018-10-09 23:59:59',20,5,NULL),(321,'2018-10-10 00:00:00','2018-10-10 23:59:59',20,5,NULL),(322,'2018-10-03 00:00:00','2018-10-03 23:59:59',20,5,NULL),(324,'2018-10-04 00:00:00','2018-10-04 23:59:59',119,5,NULL),(325,'2018-10-03 00:00:00','2018-10-03 23:59:59',40,5,NULL),(326,'2018-10-10 00:00:00','2018-10-12 23:59:59',40,5,NULL),(327,'2018-10-11 00:00:00','2018-10-11 23:59:59',119,5,NULL),(328,'2018-10-12 08:00:00','2018-10-12 19:00:00',5,5,NULL),(329,'2018-10-02 08:00:00','2018-10-03 19:00:00',12,5,NULL),(330,'2018-10-09 08:00:00','2018-10-10 19:00:00',12,5,NULL),(333,'2018-10-01 08:00:00','2018-10-02 19:00:00',31,5,NULL),(334,'2018-10-08 08:00:00','2018-10-09 19:00:00',31,5,NULL),(335,'2018-10-02 08:00:00','2018-10-02 19:00:00',27,5,NULL),(336,'2018-10-03 00:00:00','2018-10-03 23:59:59',21,5,NULL),(337,'2018-10-10 00:00:00','2018-10-10 23:59:59',21,5,NULL),(340,'2018-10-04 00:00:00','2018-10-04 23:59:59',25,5,NULL),(341,'2018-10-11 00:00:00','2018-10-11 23:59:59',25,5,NULL),(342,'2018-10-04 08:00:00','2018-10-04 19:00:00',35,5,NULL),(343,'2018-10-08 08:00:00','2018-10-12 19:00:00',35,5,NULL),(344,'2018-10-05 00:00:00','2018-10-05 23:59:59',34,5,NULL),(345,'2018-10-08 00:00:00','2018-10-08 23:59:59',34,5,NULL),(346,'2018-10-12 00:00:00','2018-10-12 23:59:59',34,5,NULL),(347,'2018-10-04 00:00:00','2018-10-04 23:59:59',34,5,NULL),(348,'2018-10-11 00:00:00','2018-10-11 23:59:59',34,5,NULL),(349,'2018-10-01 08:00:00','2018-10-01 09:00:00',20,5,NULL),(350,'2018-10-01 18:00:00','2018-10-01 19:00:00',20,5,NULL),(351,'2018-10-02 08:00:00','2018-10-02 09:00:00',20,5,NULL),(352,'2018-10-02 18:00:00','2018-10-02 19:00:00',20,5,NULL),(353,'2018-10-04 08:00:00','2018-10-04 09:00:00',20,5,NULL),(354,'2018-10-04 18:00:00','2018-10-04 19:00:00',20,5,NULL),(355,'2018-10-05 08:00:00','2018-10-05 09:00:00',20,5,NULL),(356,'2018-10-05 18:00:00','2018-10-05 19:00:00',20,5,NULL),(357,'2018-10-08 08:00:00','2018-10-08 09:00:00',20,5,NULL),(358,'2018-10-08 18:00:00','2018-10-08 19:00:00',20,5,NULL),(359,'2018-10-11 08:00:00','2018-10-11 09:00:00',20,5,NULL),(360,'2018-10-11 18:00:00','2018-10-11 19:00:00',20,5,NULL),(361,'2018-10-12 08:00:00','2018-10-12 09:00:00',20,5,NULL),(362,'2018-10-12 18:00:00','2018-10-12 19:00:00',20,5,NULL),(363,'2018-10-01 08:00:00','2018-10-01 09:00:00',21,5,NULL),(364,'2018-10-01 17:00:00','2018-10-01 19:00:00',21,5,NULL),(365,'2018-10-02 08:00:00','2018-10-02 09:00:00',21,5,NULL),(366,'2018-10-02 17:00:00','2018-10-02 19:00:00',21,5,NULL),(367,'2018-10-04 08:00:00','2018-10-04 09:00:00',21,5,NULL),(368,'2018-10-04 17:00:00','2018-10-04 19:00:00',21,5,NULL),(369,'2018-10-05 08:00:00','2018-10-05 09:00:00',21,5,NULL),(370,'2018-10-05 17:00:00','2018-10-05 19:00:00',21,5,NULL),(371,'2018-10-08 08:00:00','2018-10-08 09:00:00',21,5,NULL),(372,'2018-10-08 17:00:00','2018-10-08 19:00:00',21,5,NULL),(373,'2018-10-09 08:00:00','2018-10-09 09:00:00',21,5,NULL),(374,'2018-10-09 17:00:00','2018-10-09 19:00:00',21,5,NULL),(375,'2018-10-11 08:00:00','2018-10-11 09:00:00',21,5,NULL),(376,'2018-10-11 17:00:00','2018-10-11 19:00:00',21,5,NULL),(377,'2018-10-12 08:00:00','2018-10-12 09:00:00',21,5,NULL),(378,'2018-10-12 17:00:00','2018-10-12 19:00:00',21,5,NULL);
/*!40000 ALTER TABLE `unavailability` ENABLE KEYS */;
UNLOCK TABLES;
COMMIT;

--
-- Table structure for table `unavailability_sp`
--

/*!40101 SET @saved_cs_client     = @@character_set_client */;
/*!40101 SET character_set_client = utf8 */;
CREATE TABLE `unavailability_sp` (
  `id_unavailability_sp` int(11) unsigned NOT NULL AUTO_INCREMENT COMMENT 'PK',
  `start_datetime` datetime NOT NULL COMMENT 'AAAA-MM-JJ HH:MM:SS',
  `end_datetime` datetime NOT NULL COMMENT 'AAAA-MM-JJ HH:MM:SS',
  `PARTICIPANT_id_participant` int(11) unsigned NOT NULL COMMENT 'PK',
  `PURCHASING_FAIR_id_purchasing_fair` int(11) unsigned NOT NULL COMMENT 'FK',
  `date_deletion_unavailability_sp` datetime DEFAULT NULL COMMENT 'AAAA-MM-JJ HH:MM:SS',
  PRIMARY KEY (`id_unavailability_sp`),
  UNIQUE KEY `ux_participant_start_end_datetime` (`start_datetime`,`end_datetime`,`PARTICIPANT_id_participant`,`PURCHASING_FAIR_id_purchasing_fair`),
  KEY `ix_unavailability_sp_PARTICIPANT_id_participant` (`PARTICIPANT_id_participant`),
  KEY `ix_unavailability_sp_PF_id_pf` (`PURCHASING_FAIR_id_purchasing_fair`),
  CONSTRAINT `fk_unavailability_sp_participant` FOREIGN KEY (`PARTICIPANT_id_participant`) REFERENCES `participant` (`id_participant`),
  CONSTRAINT `fk_unavailability_sp_purchasing_fair` FOREIGN KEY (`PURCHASING_FAIR_id_purchasing_fair`) REFERENCES `purchasing_fair` (`id_purchasing_fair`)
) ENGINE=InnoDB AUTO_INCREMENT=198 DEFAULT CHARSET=utf8;
/*!40101 SET character_set_client = @saved_cs_client */;

--
-- Dumping data for table `unavailability_sp`
--

LOCK TABLES `unavailability_sp` WRITE;
/*!40000 ALTER TABLE `unavailability_sp` DISABLE KEYS */;
SET autocommit=0;
INSERT INTO `unavailability_sp` VALUES (1,'2018-02-05 08:00:00','2018-02-05 19:00:00',41,2,NULL),(3,'2018-02-06 08:00:00','2018-02-06 00:00:00',41,2,NULL),(4,'2018-02-07 08:00:00','2018-02-07 19:00:00',41,2,NULL),(5,'2018-02-08 08:00:00','2018-02-08 19:00:00',41,2,NULL),(6,'2018-02-09 08:00:00','2018-02-09 19:00:00',41,2,NULL),(7,'2018-02-12 08:00:00','2018-02-12 19:00:00',42,2,NULL),(8,'2018-02-13 08:00:00','2018-02-13 19:00:00',42,2,NULL),(9,'2018-02-14 08:00:00','2018-02-14 19:00:00',42,2,NULL),(10,'2018-02-15 08:00:00','2018-02-15 19:00:00',42,2,NULL),(11,'2018-02-16 08:00:00','2018-02-16 19:00:00',42,2,NULL),(12,'2018-02-08 08:00:00','2018-02-08 19:00:00',50,2,NULL),(13,'2018-02-09 08:00:00','2018-02-09 19:00:00',50,2,NULL),(14,'2018-02-05 08:00:00','2018-02-05 19:00:00',3,2,NULL),(15,'2018-02-08 08:00:00','2018-02-08 19:00:00',3,2,NULL),(16,'2018-02-05 08:00:00','2018-02-05 19:00:00',57,2,NULL),(17,'2018-02-06 08:00:00','2018-02-06 19:00:00',57,2,NULL),(18,'2018-02-07 08:00:00','2018-02-07 19:00:00',57,2,NULL),(19,'2018-02-08 08:00:00','2018-02-08 19:00:00',57,2,NULL),(20,'2018-02-05 08:00:00','2018-02-05 19:00:00',37,2,NULL),(21,'2018-02-08 08:00:00','2018-02-08 19:00:00',37,2,NULL),(22,'2018-02-09 08:00:00','2018-02-09 19:00:00',37,2,NULL),(23,'2018-02-09 08:00:00','2018-02-09 19:00:00',3,2,NULL),(24,'2018-02-05 08:00:00','2018-02-05 19:00:00',25,2,NULL),(25,'2018-02-06 08:00:00','2018-02-06 19:00:00',25,2,NULL),(26,'2018-02-07 08:00:00','2018-02-07 19:00:00',25,2,NULL),(27,'2018-02-08 08:00:00','2018-02-08 19:00:00',25,2,NULL),(28,'2018-02-09 08:00:00','2018-02-09 19:00:00',25,2,NULL),(29,'2018-02-05 08:00:00','2018-02-05 19:00:00',13,2,NULL),(30,'2018-02-09 08:00:00','2018-02-09 19:00:00',13,2,NULL),(32,'2019-08-09 00:00:00','2019-08-09 00:00:00',1,1,NULL),(33,'2018-03-30 08:00:00','2018-03-30 19:00:00',89,3,NULL),(34,'2018-04-03 08:00:00','2018-04-03 19:00:00',89,3,NULL),(35,'2018-03-30 08:00:00','2018-03-30 19:00:00',90,3,NULL),(36,'2018-04-03 08:00:00','2018-04-06 19:00:00',90,3,NULL),(39,'2018-04-03 08:00:00','2018-04-03 13:00:00',122,3,NULL),(40,'2018-03-27 08:00:00','2018-03-27 19:00:00',97,3,NULL),(41,'2018-03-29 08:00:00','2018-03-29 19:00:00',97,3,NULL),(42,'2018-03-30 08:00:00','2018-03-30 19:00:00',97,3,NULL),(43,'2018-04-04 08:00:00','2018-04-04 19:00:00',97,3,NULL),(44,'2018-04-05 08:00:00','2018-04-05 19:00:00',97,3,NULL),(45,'2018-04-03 08:00:00','2018-04-06 19:00:00',128,3,NULL),(46,'2018-09-04 00:00:00','2018-09-04 23:59:59',286,4,NULL),(47,'2018-09-11 00:00:00','2018-09-11 23:59:59',286,4,NULL),(48,'2018-09-03 08:00:00','2018-09-03 12:00:00',9,4,NULL),(49,'2018-09-10 08:00:00','2018-09-10 12:00:00',9,4,NULL),(50,'2018-09-13 14:00:00','2018-09-13 19:00:00',9,4,NULL),(51,'2018-09-07 15:00:00','2018-09-07 19:00:00',9,4,NULL),(52,'2018-09-14 15:00:00','2018-09-14 19:00:00',9,4,NULL),(53,'2018-09-03 08:00:00','2018-09-03 19:00:00',10,4,NULL),(54,'2018-09-06 08:00:00','2018-09-06 19:00:00',10,4,NULL),(55,'2018-09-10 00:00:00','2018-09-10 23:59:59',25,4,NULL),(56,'2018-09-11 00:00:00','2018-09-11 23:59:59',25,4,NULL),(57,'2018-09-03 00:00:00','2018-09-03 23:59:59',26,4,NULL),(58,'2018-09-11 00:00:00','2018-09-11 23:59:59',26,4,NULL),(59,'2018-09-12 00:00:00','2018-09-12 23:59:59',26,4,NULL),(60,'2018-09-12 00:00:00','2018-09-12 23:59:59',27,4,NULL),(61,'2018-09-13 00:00:00','2018-09-13 23:59:59',27,4,NULL),(62,'2018-09-14 00:00:00','2018-09-14 23:59:59',27,4,NULL),(63,'2018-09-03 08:00:00','2018-09-03 13:00:00',31,4,NULL),(64,'2018-09-07 00:00:00','2018-09-07 23:59:59',31,4,NULL),(65,'2018-09-10 08:00:00','2018-09-10 13:00:00',31,4,NULL),(66,'2018-09-13 00:00:00','2018-09-13 23:59:59',31,4,NULL),(67,'2018-09-14 00:00:00','2018-09-14 23:59:59',31,4,NULL),(68,'2018-09-03 08:00:00','2018-09-03 12:00:00',35,4,NULL),(69,'2018-09-07 00:00:00','2018-09-07 23:59:59',35,4,NULL),(70,'2018-09-10 08:00:00','2018-09-10 12:00:00',35,4,NULL),(71,'2018-09-14 00:00:00','2018-09-14 23:59:59',35,4,NULL),(72,'2018-09-03 08:00:00','2018-09-03 12:00:00',36,4,NULL),(73,'2018-09-07 00:00:00','2018-09-07 23:59:59',36,4,NULL),(74,'2018-09-10 08:00:00','2018-09-10 12:00:00',36,4,NULL),(75,'2018-09-14 00:00:00','2018-09-14 23:59:59',36,4,NULL),(76,'2018-09-10 00:00:00','2018-09-11 23:59:59',41,4,NULL),(77,'2018-09-12 00:00:00','2018-09-13 23:59:59',41,4,NULL),(78,'2018-09-14 00:00:00','2018-09-14 23:59:59',41,4,NULL),(79,'2018-09-03 00:00:00','2018-09-04 23:59:59',42,4,NULL),(80,'2018-09-05 00:00:00','2018-09-06 23:59:59',42,4,NULL),(81,'2018-09-07 00:00:00','2018-09-07 23:59:59',42,4,NULL),(82,'2018-09-05 00:00:00','2018-09-05 23:59:59',45,4,NULL),(83,'2018-09-12 00:00:00','2018-09-12 23:59:59',45,4,NULL),(84,'2018-09-03 00:00:00','2018-09-03 23:59:59',50,4,NULL),(85,'2018-09-10 00:00:00','2018-09-10 23:59:59',50,4,NULL),(86,'2018-09-12 16:00:00','2018-09-12 20:00:00',51,4,NULL),(87,'2018-09-13 00:00:00','2018-09-13 23:59:59',51,4,NULL),(88,'2018-09-07 13:00:00','2018-09-07 19:00:00',59,4,NULL),(89,'2018-09-10 00:00:00','2018-09-10 23:59:59',59,4,NULL),(90,'2018-09-11 08:00:00','2018-09-11 14:00:00',59,4,NULL),(91,'2018-09-13 00:00:00','2018-09-14 23:59:59',295,4,NULL),(92,'2018-09-13 00:00:00','2018-09-13 23:59:59',295,4,NULL),(93,'2018-09-14 00:00:00','2018-09-14 23:59:59',295,4,NULL),(94,'2018-09-05 08:00:00','2018-09-14 19:00:00',296,4,NULL),(99,'2018-10-01 08:00:00','2018-10-01 10:00:00',9,5,NULL),(100,'2018-10-05 08:00:00','2018-10-05 19:00:00',9,5,NULL),(101,'2018-10-08 08:00:00','2018-10-08 19:00:00',9,5,NULL),(102,'2018-10-09 08:00:00','2018-10-09 19:00:00',9,5,NULL),(103,'2018-10-11 08:00:00','2018-10-11 19:00:00',9,5,NULL),(104,'2018-10-02 08:00:00','2018-10-02 19:00:00',10,5,NULL),(105,'2018-10-09 08:00:00','2018-10-09 19:00:00',10,5,NULL),(106,'2018-10-10 08:00:00','2018-10-10 19:00:00',10,5,NULL),(107,'2018-10-11 08:00:00','2018-10-11 19:00:00',10,5,NULL),(108,'2018-10-03 08:00:00','2018-10-03 19:00:00',60,5,NULL),(109,'2018-10-10 08:00:00','2018-10-10 19:00:00',60,5,NULL),(110,'2018-10-09 08:00:00','2018-10-09 19:00:00',61,5,NULL),(111,'2018-10-10 08:00:00','2018-10-10 19:00:00',61,5,NULL),(112,'2018-10-02 08:00:00','2018-10-02 19:00:00',319,5,NULL),(113,'2018-10-04 08:00:00','2018-10-04 19:00:00',319,5,NULL),(114,'2018-10-05 08:00:00','2018-10-05 19:00:00',319,5,NULL),(115,'2018-10-09 08:00:00','2018-10-09 19:00:00',319,5,NULL),(116,'2018-10-10 08:00:00','2018-10-10 19:00:00',319,5,NULL),(117,'2018-10-08 08:00:00','2018-10-08 19:00:00',320,5,NULL),(118,'2018-10-09 08:00:00','2018-10-09 19:00:00',320,5,NULL),(119,'2018-10-10 08:00:00','2018-10-10 19:00:00',320,5,NULL),(120,'2018-10-11 08:00:00','2018-10-11 19:00:00',320,5,NULL),(121,'2018-10-12 08:00:00','2018-10-12 19:00:00',320,5,NULL),(122,'2018-10-08 08:00:00','2018-10-12 19:00:00',65,5,NULL),(123,'2018-10-05 14:00:00','2018-10-05 19:00:00',70,5,NULL),(124,'2018-10-08 14:00:00','2018-10-08 19:00:00',70,5,NULL),(125,'2018-10-01 00:00:00','2018-10-01 23:59:59',82,5,NULL),(126,'2018-10-08 00:00:00','2018-10-08 23:59:59',82,5,NULL),(127,'2018-10-05 00:00:00','2018-10-05 23:59:59',85,5,NULL),(128,'2018-10-09 00:00:00','2018-10-09 23:59:59',85,5,NULL),(129,'2018-10-10 00:00:00','2018-10-10 23:59:59',85,5,NULL),(130,'2018-10-11 00:00:00','2018-10-11 23:59:59',85,5,NULL),(131,'2018-10-12 13:00:00','2018-10-12 18:00:00',85,5,NULL),(132,'2018-10-02 00:00:00','2018-10-02 23:59:59',223,5,NULL),(133,'2018-10-09 00:00:00','2018-10-09 23:59:59',223,5,NULL),(134,'2018-10-10 00:00:00','2018-10-10 23:59:59',223,5,NULL),(135,'2018-10-11 00:00:00','2018-10-11 23:59:59',223,5,NULL),(136,'2018-10-01 08:00:00','2018-10-01 10:59:00',91,5,NULL),(137,'2018-10-05 00:00:00','2018-10-05 23:59:59',91,5,NULL),(138,'2018-10-04 12:00:00','2018-10-04 19:00:00',91,5,NULL),(139,'2018-10-11 12:00:00','2018-10-11 19:00:00',91,5,NULL),(140,'2018-10-02 00:00:00','2018-10-02 23:59:59',92,5,NULL),(141,'2018-10-02 08:00:00','2018-10-02 13:00:00',93,5,NULL),(142,'2018-10-08 00:00:00','2018-10-11 23:59:59',93,5,NULL),(143,'2018-10-08 00:00:00','2018-10-08 23:59:59',93,5,NULL),(144,'2018-10-09 00:00:00','2018-10-09 23:59:59',93,5,NULL),(145,'2018-10-10 00:00:00','2018-10-10 23:59:59',93,5,NULL),(146,'2018-10-11 00:00:00','2018-10-11 23:59:59',93,5,NULL),(147,'2018-10-08 00:00:00','2018-10-08 23:59:59',321,5,NULL),(148,'2018-10-09 00:00:00','2018-10-09 23:59:59',321,5,NULL),(149,'2018-10-10 00:00:00','2018-10-10 23:59:59',321,5,NULL),(150,'2018-10-11 00:00:00','2018-10-11 23:59:59',321,5,NULL),(151,'2018-10-04 09:00:00','2018-10-11 19:00:00',101,5,NULL),(152,'2018-10-01 00:00:00','2018-10-01 23:59:59',103,5,NULL),(153,'2018-10-02 00:00:00','2018-10-02 23:59:59',103,5,NULL),(154,'2018-10-09 00:00:00','2018-10-09 23:59:59',103,5,NULL),(155,'2018-10-10 00:00:00','2018-10-10 23:59:59',103,5,NULL),(156,'2018-10-05 00:00:00','2018-10-05 23:59:59',104,5,NULL),(157,'2018-10-08 00:00:00','2018-10-08 23:59:59',104,5,NULL),(158,'2018-10-09 00:00:00','2018-10-09 23:59:59',104,5,NULL),(159,'2018-10-10 00:00:00','2018-10-10 23:59:59',104,5,NULL),(160,'2018-10-11 00:00:00','2018-10-11 23:59:59',104,5,NULL),(161,'2018-10-12 00:00:00','2018-10-12 23:59:59',104,5,NULL),(162,'2018-10-09 00:00:00','2018-10-09 23:59:59',105,5,NULL),(163,'2018-10-10 00:00:00','2018-10-10 23:59:59',105,5,NULL),(164,'2018-10-11 00:00:00','2018-10-11 23:59:59',105,5,NULL),(165,'2018-10-09 00:00:00','2018-10-10 23:59:59',117,5,NULL),(166,'2018-10-01 00:00:00','2018-10-02 23:59:59',119,5,NULL),(167,'2018-10-08 00:00:00','2018-10-12 23:59:59',325,5,NULL),(168,'2018-10-02 08:00:00','2018-10-02 19:00:00',89,5,NULL),(169,'2018-10-02 00:00:00','2018-10-02 23:59:59',89,5,NULL),(170,'2018-10-08 00:00:00','2018-10-11 23:59:59',326,5,NULL),(171,'2018-10-02 00:00:00','2018-10-02 23:59:59',326,5,NULL),(172,'2018-10-03 00:00:00','2018-10-03 23:59:59',326,5,NULL),(173,'2018-10-05 00:00:00','2018-10-05 23:59:59',326,5,NULL),(174,'2018-10-08 00:00:00','2018-10-08 23:59:59',122,5,NULL),(175,'2018-10-09 00:00:00','2018-10-09 23:59:59',122,5,NULL),(176,'2018-10-10 00:00:00','2018-10-10 23:59:59',122,5,NULL),(177,'2018-10-11 00:00:00','2018-10-11 23:59:59',122,5,NULL),(178,'2018-10-08 00:00:00','2018-10-08 23:59:59',123,5,NULL),(179,'2018-10-09 00:00:00','2018-10-09 23:59:59',123,5,NULL),(180,'2018-10-10 00:00:00','2018-10-10 23:59:59',123,5,NULL),(181,'2018-10-11 00:00:00','2018-10-11 23:59:59',123,5,NULL),(182,'2018-10-12 00:00:00','2018-10-12 23:59:59',124,5,NULL),(183,'2018-10-05 00:00:00','2018-10-05 23:59:59',128,5,NULL),(184,'2018-10-08 00:00:00','2018-10-08 23:59:59',128,5,NULL),(185,'2018-10-09 00:00:00','2018-10-09 23:59:59',128,5,NULL),(186,'2018-10-10 00:00:00','2018-10-10 23:59:59',128,5,NULL),(187,'2018-10-11 00:00:00','2018-10-11 23:59:59',128,5,NULL),(188,'2018-10-08 00:00:00','2018-10-08 23:59:59',329,5,NULL),(189,'2018-10-09 00:00:00','2018-10-09 23:59:59',329,5,NULL),(190,'2018-10-10 00:00:00','2018-10-10 23:59:59',329,5,NULL),(191,'2018-10-11 00:00:00','2018-10-11 23:59:59',329,5,NULL),(194,'2018-10-05 00:00:00','2018-10-05 23:59:59',330,5,NULL),(195,'2018-10-09 00:00:00','2018-10-09 23:59:59',330,5,NULL),(196,'2018-10-10 00:00:00','2018-10-10 23:59:59',330,5,NULL),(197,'2018-10-12 00:00:00','2018-10-12 23:59:59',330,5,NULL);
/*!40000 ALTER TABLE `unavailability_sp` ENABLE KEYS */;
UNLOCK TABLES;
COMMIT;

/*!40103 SET TIME_ZONE=@OLD_TIME_ZONE */;
/*!40101 SET SQL_MODE=@OLD_SQL_MODE */;
/*!40014 SET FOREIGN_KEY_CHECKS=@OLD_FOREIGN_KEY_CHECKS */;
/*!40014 SET UNIQUE_CHECKS=@OLD_UNIQUE_CHECKS */;
/*!40101 SET CHARACTER_SET_CLIENT=@OLD_CHARACTER_SET_CLIENT */;
/*!40101 SET CHARACTER_SET_RESULTS=@OLD_CHARACTER_SET_RESULTS */;
/*!40101 SET COLLATION_CONNECTION=@OLD_COLLATION_CONNECTION */;
/*!40111 SET SQL_NOTES=@OLD_SQL_NOTES */;

-- Dump completed on: Wed, 19 Sep 2018 09:10:30 +0200
